episode,step,ego_pos_x,ego_pos_y,other_pos_x,other_pos_y,ego_action,other_action,reward,current_model_id,current_model_name,true_model_id,true_model_name,log_lik_per_step,distance
0,0,4.293835639953613,9.350774765014648,3.5642786026000977,0.011139565147459507,2,4,0.0,0,evasive,0,evasive,0.0,9.36808620462847
0,1,4.293835639953613,8.350774765014648,4.564278602600098,0.011139565147459507,2,2,0.0,0,evasive,0,evasive,0.0,8.344019095310657
0,2,4.293835639953613,7.350774765014648,4.564278602600098,0.0,2,2,0.0,0,evasive,0,evasive,0.0,7.355748027360723
0,3,4.293835639953613,6.350774765014648,4.564278602600098,0.0,2,2,0.0,0,evasive,0,evasive,0.0,6.356530461815775
0,4,4.293835639953613,5.350774765014648,4.564278602600098,0.0,2,3,0.0,0,evasive,0,evasive,0.0,5.3576048736317405
0,5,4.293835639953613,4.350774765014648,3.5642786026000977,0.0,2,2,0.0,0,evasive,0,evasive,0.0,4.411518392417775
0,6,4.293835639953613,3.3507747650146484,3.5642786026000977,0.0,2,2,0.0,0,evasive,0,evasive,0.0,3.429277620230099
0,7,4.293835639953613,2.3507747650146484,3.5642786026000977,0.0,2,0,0.0,0,evasive,0,evasive,0.0,2.461380804869843
0,8,4.293835639953613,1.3507747650146484,3.5642786026000977,0.0,2,1,1.0,0,evasive,0,evasive,0.0,1.5352022461397123
1,0,3.023620128631592,1.5245540142059326,11.0774564743042,4.897751808166504,4,4,0.0,0,evasive,0,evasive,0.0,8.73170906753412
1,1,4.023620128631592,1.5245540142059326,12.0774564743042,4.897751808166504,4,1,0.0,0,evasive,0,evasive,0.0,8.73170906753412
1,2,5.023620128631592,1.5245540142059326,12.0774564743042,5.897751808166504,4,1,0.0,0,evasive,0,evasive,0.0,8.299485895923523
1,3,6.023620128631592,1.5245540142059326,12.0774564743042,6.897751808166504,4,4,0.0,0,evasive,0,evasive,0.0,8.094454214658912
1,4,7.023620128631592,1.5245540142059326,13.0774564743042,6.897751808166504,4,4,0.0,0,evasive,0,evasive,0.0,8.094454214658912
1,5,8.023619651794434,1.5245540142059326,14.0774564743042,6.897751808166504,1,1,0.0,0,evasive,0,evasive,0.0,8.094454571285077
1,6,8.023619651794434,2.5245540142059326,14.0774564743042,7.897751808166504,4,4,0.0,0,evasive,0,evasive,0.0,8.094454571285077
1,7,9.023619651794434,2.5245540142059326,15.0774564743042,7.897751808166504,1,3,0.0,0,evasive,0,evasive,0.0,8.094454571285077
1,8,9.023619651794434,3.5245540142059326,14.0774564743042,7.897751808166504,4,2,0.0,0,evasive,0,evasive,0.0,6.683272070898895
1,9,10.023619651794434,3.5245540142059326,14.0774564743042,6.897751808166504,1,1,0.0,0,evasive,0,evasive,0.0,5.273713714330399
1,10,10.023619651794434,4.5245537757873535,14.0774564743042,7.897751808166504,4,4,0.0,0,evasive,0,evasive,0.0,5.2737138668288255
1,11,11.023619651794434,4.5245537757873535,15.0774564743042,7.897751808166504,1,1,0.0,0,evasive,0,evasive,0.0,5.2737138668288255
1,12,11.023619651794434,5.5245537757873535,15.0774564743042,8.897751808166504,2,1,0.0,0,evasive,0,evasive,0.0,5.2737138668288255
1,13,11.023619651794434,4.5245537757873535,15.0774564743042,9.897751808166504,1,1,0.0,0,evasive,0,evasive,0.0,6.730887763044281
1,14,11.023619651794434,5.5245537757873535,15.0774564743042,10.897751808166504,2,1,0.0,0,evasive,0,evasive,0.0,6.730887763044281
1,15,11.023619651794434,4.5245537757873535,15.0774564743042,11.897751808166504,1,1,0.0,0,evasive,0,evasive,0.0,8.414133479343898
1,16,11.023619651794434,5.5245537757873535,15.0774564743042,12.897751808166504,2,1,0.0,0,evasive,0,evasive,0.0,8.414133479343898
1,17,11.023619651794434,4.5245537757873535,15.0774564743042,13.897751808166504,1,1,0.0,0,evasive,0,evasive,0.0,10.21226881440811
1,18,11.023619651794434,5.5245537757873535,15.0774564743042,14.897751808166504,2,4,0.0,0,evasive,0,evasive,0.0,10.21226881440811
1,19,11.023619651794434,4.5245537757873535,16.0,14.897751808166504,1,1,0.0,0,evasive,0,evasive,0.0,11.505111854691428
1,20,11.023619651794434,5.5245537757873535,16.0,15.897751808166504,2,2,0.0,0,evasive,0,evasive,0.0,11.505111854691428
1,21,11.023619651794434,4.5245537757873535,16.0,14.897751808166504,1,2,0.0,0,evasive,0,evasive,0.0,11.505111854691428
1,22,11.023619651794434,5.5245537757873535,16.0,13.897751808166504,2,0,0.0,0,evasive,0,evasive,0.0,9.74036994469125
1,23,11.023619651794434,4.5245537757873535,16.0,13.897751808166504,1,4,0.0,0,evasive,0,evasive,0.0,10.612313730954384
1,24,11.023619651794434,5.5245537757873535,16.0,13.897751808166504,2,4,0.0,0,evasive,0,evasive,0.0,9.74036994469125
1,25,11.023619651794434,4.5245537757873535,16.0,13.897751808166504,1,1,0.0,0,evasive,0,evasive,0.0,10.612313730954384
1,26,11.023619651794434,5.5245537757873535,16.0,14.897751808166504,2,2,0.0,0,evasive,1,territorial,0.0,10.612313730954384
1,27,11.023619651794434,4.5245537757873535,16.0,13.897751808166504,1,3,0.0,0,evasive,1,territorial,0.0,10.612313730954384
1,28,11.023619651794434,5.5245537757873535,15.0,13.897751808166504,2,2,0.0,0,evasive,1,territorial,0.0,9.269414542625306
1,29,11.023619651794434,4.5245537757873535,15.0,12.897751808166504,1,2,0.0,0,evasive,1,territorial,0.0,9.269414542625306
1,30,11.023619651794434,5.5245537757873535,15.0,11.897751808166504,2,2,0.0,0,evasive,1,territorial,0.0,7.511940750133543
1,31,11.023619651794434,4.5245537757873535,15.0,10.897751808166504,1,3,0.0,0,evasive,1,territorial,0.0,7.511940750133543
1,32,11.023619651794434,5.5245537757873535,14.0,10.897751808166504,2,2,0.0,0,evasive,1,territorial,0.0,6.142482972898456
1,33,11.023619651794434,4.5245537757873535,14.0,9.897751808166504,1,3,0.0,0,evasive,1,territorial,0.0,6.142482972898456
1,34,11.023619651794434,5.5245537757873535,13.0,9.897751808166504,2,3,0.0,0,evasive,1,territorial,0.0,4.799056189625
1,35,11.023619651794434,4.5245537757873535,12.0,9.897751808166504,1,2,0.0,0,evasive,1,territorial,0.0,5.4611881197707515
1,36,11.023619651794434,5.5245537757873535,12.0,8.897751808166504,2,3,0.0,0,evasive,1,territorial,0.0,3.511663928967092
1,37,11.023619651794434,4.5245537757873535,11.0,8.897751808166504,1,3,0.0,0,evasive,1,territorial,0.0,4.373261816808566
1,38,11.023619651794434,5.5245537757873535,10.0,8.897751808166504,2,2,0.0,0,evasive,1,territorial,0.0,3.5250903757473124
1,39,11.023619651794434,4.5245537757873535,10.0,7.897751808166504,1,3,0.0,0,evasive,1,territorial,0.0,3.5250903757473124
1,40,11.023619651794434,5.5245537757873535,9.0,7.897751808166504,2,0,0.0,0,evasive,1,territorial,0.0,3.1188307738665295
1,41,11.023619651794434,4.5245537757873535,9.0,7.897751808166504,1,3,0.0,0,evasive,1,territorial,0.0,3.9336371796055616
1,42,11.023619651794434,5.5245537757873535,8.0,7.897751808166504,2,1,0.0,0,evasive,1,territorial,0.0,3.8437409771738995
1,43,11.023619651794434,4.5245537757873535,8.0,8.897751808166504,1,0,0.0,0,evasive,1,territorial,0.0,5.316684759238822
1,44,11.023619651794434,5.5245537757873535,8.0,8.897751808166504,2,0,0.0,0,evasive,1,territorial,0.0,4.529982424288649
1,45,11.023619651794434,4.5245537757873535,8.0,8.897751808166504,1,3,0.0,0,evasive,1,territorial,0.0,5.316684759238822
1,46,11.023619651794434,5.5245537757873535,7.0,8.897751808166504,2,4,0.0,0,evasive,1,territorial,0.0,5.250521885294159
1,47,11.023619651794434,4.5245537757873535,8.0,8.897751808166504,1,0,0.0,0,evasive,1,territorial,0.0,5.316684759238822
1,48,11.023619651794434,5.5245537757873535,8.0,8.897751808166504,2,0,0.0,0,evasive,1,territorial,0.0,4.529982424288649
1,49,11.023619651794434,4.5245537757873535,8.0,8.897751808166504,1,3,0.0,0,evasive,1,territorial,0.0,5.316684759238822
2,0,14.555221557617188,9.13843059539795,7.580739974975586,15.050674438476562,3,3,0.0,0,evasive,0,evasive,0.0,9.143195317099371
2,1,13.555221557617188,9.13843059539795,6.580739974975586,15.050674438476562,3,1,0.0,0,evasive,0,evasive,0.0,9.143195317099371
2,2,12.555221557617188,9.13843059539795,6.580739974975586,16.0,1,2,0.0,0,evasive,0,evasive,0.0,9.098107763457994
2,3,12.555221557617188,10.13843059539795,6.580739974975586,15.0,3,4,0.0,0,evasive,0,evasive,0.0,7.702550698118542
2,4,11.555221557617188,10.13843059539795,7.580739974975586,15.0,1,3,0.0,0,evasive,0,evasive,0.0,6.279439539204118
2,5,11.555221557617188,11.13843059539795,6.580739974975586,15.0,3,0,0.0,0,evasive,0,evasive,0.0,6.2973951188248565
2,6,10.555221557617188,11.13843059539795,6.580739974975586,15.0,1,1,0.0,0,evasive,0,evasive,0.0,5.541499988028145
2,7,10.555221557617188,12.13843059539795,6.580739974975586,16.0,3,1,0.0,0,evasive,0,evasive,0.0,5.541499988028145
2,8,9.555221557617188,12.13843059539795,6.580739974975586,16.0,1,3,0.0,0,evasive,0,evasive,0.0,4.874347028272887
2,9,9.555221557617188,13.13843059539795,5.580739974975586,16.0,3,1,0.0,0,evasive,0,evasive,0.0,4.897456820443834
2,10,8.555221557617188,13.13843059539795,5.580739974975586,16.0,1,0,0.0,0,evasive,0,evasive,0.0,4.127483512120747
2,11,8.555221557617188,14.13843059539795,5.580739974975586,16.0,3,3,0.0,0,evasive,0,evasive,0.0,3.5089857984358557
2,12,7.5552215576171875,14.13843059539795,4.580739974975586,16.0,1,2,0.0,0,evasive,0,evasive,0.0,3.5089857984358557
2,13,7.5552215576171875,15.13843059539795,4.580739974975586,15.0,2,4,0.0,0,evasive,0,evasive,0.0,2.9777010788889333
2,14,7.5552215576171875,14.13843059539795,5.580739974975586,15.0,1,1,0.0,0,evasive,0,evasive,0.0,2.154270029299302
2,15,7.5552215576171875,15.13843059539795,5.580739974975586,16.0,2,1,0.0,0,evasive,0,evasive,0.0,2.154270029299302
2,16,7.5552215576171875,14.13843059539795,5.580739974975586,16.0,1,1,0.0,0,evasive,0,evasive,0.0,2.713672450451844
2,17,7.5552215576171875,15.13843059539795,5.580739974975586,16.0,2,1,0.0,0,evasive,0,evasive,0.0,2.154270029299302
2,18,7.5552215576171875,14.13843059539795,5.580739974975586,16.0,1,3,0.0,0,evasive,0,evasive,0.0,2.713672450451844
2,19,7.5552215576171875,15.13843059539795,4.580739974975586,16.0,2,2,0.0,0,evasive,0,evasive,0.0,3.0967470875776115
2,20,7.5552215576171875,14.13843059539795,4.580739974975586,15.0,1,1,0.0,0,evasive,0,evasive,0.0,3.0967470875776115
2,21,7.5552215576171875,15.13843059539795,4.580739974975586,16.0,2,1,0.0,0,evasive,0,evasive,0.0,3.0967470875776115
2,22,7.5552215576171875,14.13843059539795,4.580739974975586,16.0,1,2,0.0,0,evasive,0,evasive,0.0,3.5089857984358557
2,23,7.5552215576171875,15.13843059539795,4.580739974975586,15.0,2,2,0.0,0,evasive,0,evasive,0.0,2.9777010788889333
2,24,7.5552215576171875,14.13843059539795,4.580739974975586,14.0,1,4,0.0,0,evasive,0,evasive,0.0,2.9777010788889333
2,25,7.5552215576171875,15.13843059539795,5.580739974975586,14.0,2,3,0.0,0,evasive,0,evasive,0.0,2.2791668961989187
2,26,7.5552215576171875,14.13843059539795,4.580739974975586,14.0,1,0,0.0,0,evasive,0,evasive,0.0,2.9777010788889333
2,27,7.5552215576171875,15.13843059539795,4.580739974975586,14.0,2,3,0.0,0,evasive,0,evasive,0.0,3.1848963728844013
2,28,7.5552215576171875,14.13843059539795,3.580739736557007,14.0,1,3,0.0,0,evasive,0,evasive,0.0,3.9768918486275284
2,29,7.5552215576171875,15.13843059539795,2.580739736557007,14.0,2,1,0.0,0,evasive,0,evasive,0.0,5.103086674611391
2,30,7.5552215576171875,14.13843059539795,2.580739736557007,15.0,1,1,0.0,0,evasive,0,evasive,0.0,5.048541495026513
2,31,7.5552215576171875,15.13843059539795,2.580739736557007,16.0,2,2,0.0,0,evasive,1,territorial,0.0,5.048541495026513
2,32,7.5552215576171875,14.13843059539795,2.580739736557007,15.0,1,2,0.0,0,evasive,1,territorial,0.0,5.048541495026513
2,33,7.5552215576171875,15.13843059539795,2.580739736557007,14.0,2,2,0.0,0,evasive,1,territorial,0.0,5.103086674611391
2,34,7.5552215576171875,14.13843059539795,2.580739736557007,13.0,1,2,0.0,0,evasive,1,territorial,0.0,5.103086674611391
2,35,7.5552215576171875,15.13843059539795,2.580739736557007,12.0,2,2,0.0,0,evasive,1,territorial,0.0,5.881769800849752
2,36,7.5552215576171875,14.13843059539795,2.580739736557007,11.0,1,2,0.0,0,evasive,1,territorial,0.0,5.881769800849752
2,37,7.5552215576171875,15.13843059539795,2.580739736557007,10.0,2,0,0.0,0,evasive,1,territorial,0.0,7.151848598214306
2,38,7.5552215576171875,14.13843059539795,2.580739736557007,10.0,1,4,0.0,0,evasive,1,territorial,0.0,6.470863712131792
2,39,7.5552215576171875,15.13843059539795,3.580739736557007,10.0,2,1,0.0,0,evasive,1,territorial,0.0,6.496150762540812
2,40,7.5552215576171875,14.13843059539795,3.580739736557007,11.0,1,4,0.0,0,evasive,1,territorial,0.0,5.064212905088784
2,41,7.5552215576171875,15.13843059539795,4.580739974975586,11.0,2,4,0.0,0,evasive,1,territorial,0.0,5.096483932909032
2,42,7.5552215576171875,14.13843059539795,5.580739974975586,11.0,1,4,0.0,0,evasive,1,territorial,0.0,3.7078732613616676
2,43,7.5552215576171875,15.13843059539795,6.580739974975586,11.0,2,2,0.0,0,evasive,1,territorial,0.0,4.251614063838992
2,44,7.5552215576171875,14.13843059539795,6.580739974975586,10.0,1,4,0.0,0,evasive,1,territorial,0.0,4.251614063838992
2,45,7.5552215576171875,15.13843059539795,7.580739974975586,10.0,2,4,0.0,0,evasive,1,territorial,0.0,5.138493959648702
2,46,7.5552215576171875,14.13843059539795,8.580739974975586,10.0,1,3,0.0,0,evasive,1,territorial,0.0,4.263601273250948
2,47,7.5552215576171875,15.13843059539795,7.580739974975586,10.0,2,4,0.0,0,evasive,1,territorial,0.0,5.138493959648702
2,48,7.5552215576171875,14.13843059539795,8.580739974975586,10.0,1,2,0.0,0,evasive,1,territorial,0.0,4.263601273250948
2,49,7.5552215576171875,15.13843059539795,8.580739974975586,9.0,2,3,0.0,0,evasive,1,territorial,0.0,6.2235052983715615
3,0,0.44959601759910583,10.59180736541748,13.4945707321167,9.93842887878418,4,4,0.0,0,evasive,0,evasive,0.0,13.061327220049217
3,1,1.4495960474014282,10.59180736541748,14.4945707321167,9.93842887878418,4,4,0.0,0,evasive,0,evasive,0.0,13.061327190284205
3,2,2.4495959281921387,10.59180736541748,15.4945707321167,9.93842887878418,4,4,0.0,0,evasive,0,evasive,0.0,13.061327309344248
3,3,3.4495959281921387,10.59180736541748,16.0,9.93842887878418,4,2,0.0,0,evasive,0,evasive,0.0,12.567400121443042
3,4,4.449595928192139,10.59180736541748,16.0,8.93842887878418,4,4,0.0,0,evasive,0,evasive,0.0,11.668140153516218
3,5,5.449595928192139,10.59180736541748,16.0,8.93842887878418,4,2,0.0,0,evasive,0,evasive,0.0,10.679170684022319
3,6,6.449595928192139,10.59180736541748,16.0,7.9384284019470215,4,2,0.0,0,evasive,0,evasive,0.0,9.912145976456952
3,7,7.449595928192139,10.59180736541748,16.0,6.9384284019470215,4,4,0.0,0,evasive,0,evasive,0.0,9.298203463138293
3,8,8.449596405029297,10.59180736541748,16.0,6.9384284019470215,4,1,0.0,0,evasive,0,evasive,0.0,8.387834780065413
3,9,9.449596405029297,10.59180736541748,16.0,7.9384284019470215,4,2,0.0,0,evasive,0,evasive,0.0,7.0674045576005255
3,10,10.449596405029297,10.59180736541748,16.0,6.9384284019470215,4,1,0.0,0,evasive,0,evasive,0.0,6.644859510764106
3,11,11.449596405029297,10.59180736541748,16.0,7.9384284019470215,4,0,0.0,0,evasive,0,evasive,0.0,5.267503469472978
3,12,12.449596405029297,10.59180736541748,16.0,7.9384284019470215,4,0,0.0,0,evasive,0,evasive,0.0,4.432356665586431
3,13,13.449596405029297,10.59180736541748,16.0,7.9384284019470215,2,2,0.0,0,evasive,0,evasive,0.0,3.6803503122701584
3,14,13.449596405029297,9.59180736541748,16.0,6.9384284019470215,1,1,0.0,0,evasive,0,evasive,0.0,3.6803503122701584
3,15,13.449596405029297,10.59180736541748,16.0,7.9384284019470215,2,0,0.0,0,evasive,0,evasive,0.0,3.6803503122701584
3,16,13.449596405029297,9.59180736541748,16.0,7.9384284019470215,1,0,0.0,0,evasive,0,evasive,0.0,3.0394441093868028
3,17,13.449596405029297,10.59180736541748,16.0,7.9384284019470215,2,4,0.0,0,evasive,0,evasive,0.0,3.6803503122701584
3,18,13.449596405029297,9.59180736541748,16.0,7.9384284019470215,1,2,0.0,0,evasive,0,evasive,0.0,3.0394441093868028
3,19,13.449596405029297,10.59180736541748,16.0,6.9384284019470215,2,4,0.0,0,evasive,0,evasive,0.0,4.455528739439122
3,20,13.449596405029297,9.59180736541748,16.0,6.9384284019470215,1,4,0.0,0,evasive,0,evasive,0.0,3.6803503122701584
3,21,13.449596405029297,10.59180736541748,16.0,6.9384284019470215,2,2,0.0,0,evasive,0,evasive,0.0,4.455528739439122
3,22,13.449596405029297,9.59180736541748,16.0,5.9384284019470215,1,4,0.0,0,evasive,0,evasive,0.0,4.455528739439122
3,23,13.449596405029297,10.59180736541748,16.0,5.9384284019470215,2,2,0.0,0,evasive,0,evasive,0.0,5.306457789798095
3,24,13.449596405029297,9.59180736541748,16.0,4.9384284019470215,1,3,0.0,0,evasive,1,territorial,0.0,5.306457789798095
3,25,13.449596405029297,10.59180736541748,15.0,4.9384284019470215,2,3,0.0,0,evasive,1,territorial,0.0,5.862119498262416
3,26,13.449596405029297,9.59180736541748,14.0,4.9384284019470215,1,0,0.0,0,evasive,1,territorial,0.0,4.685816886629916
3,27,13.449596405029297,10.59180736541748,14.0,4.9384284019470215,2,3,0.0,0,evasive,1,territorial,0.0,5.680108962156184
3,28,13.449596405029297,9.59180736541748,13.0,4.9384284019470215,1,3,0.0,0,evasive,1,territorial,0.0,4.675047882651542
3,29,13.449596405029297,10.59180736541748,12.0,4.9384284019470215,2,3,0.0,0,evasive,1,territorial,0.0,5.836267937825009
3,30,13.449596405029297,9.59180736541748,11.0,4.9384284019470215,1,4,0.0,0,evasive,1,territorial,0.0,5.258750642995146
3,31,13.449596405029297,10.59180736541748,12.0,4.9384284019470215,2,3,0.0,0,evasive,1,territorial,0.0,5.836267937825009
3,32,13.449596405029297,9.59180736541748,11.0,4.9384284019470215,1,1,0.0,0,evasive,1,territorial,0.0,5.258750642995146
3,33,13.449596405029297,10.59180736541748,11.0,5.9384284019470215,2,0,0.0,0,evasive,1,territorial,0.0,5.258750642995146
3,34,13.449596405029297,9.59180736541748,11.0,5.9384284019470215,1,2,0.0,0,evasive,1,territorial,0.0,4.3986020959233105
3,35,13.449596405029297,10.59180736541748,11.0,4.9384284019470215,2,4,0.0,0,evasive,1,territorial,0.0,6.1612674225473105
3,36,13.449596405029297,9.59180736541748,12.0,4.9384284019470215,1,1,0.0,0,evasive,1,territorial,0.0,4.873937372919688
3,37,13.449596405029297,10.59180736541748,12.0,5.9384284019470215,2,1,0.0,0,evasive,1,territorial,0.0,4.873937372919688
3,38,13.449596405029297,9.59180736541748,12.0,6.9384284019470215,1,3,0.0,0,evasive,1,territorial,0.0,3.0235326459724936
3,39,13.449596405029297,10.59180736541748,11.0,6.9384284019470215,2,1,0.0,0,evasive,1,territorial,0.0,4.3986020959233105
3,40,13.449596405029297,9.59180736541748,11.0,7.9384284019470215,1,2,0.0,0,evasive,1,territorial,0.0,2.95536538255071
3,41,13.449596405029297,10.59180736541748,11.0,6.9384284019470215,2,3,0.0,0,evasive,1,territorial,0.0,4.3986020959233105
3,42,13.449596405029297,9.59180736541748,10.0,6.9384284019470215,1,3,0.0,0,evasive,1,territorial,0.0,4.352026571768446
3,43,13.449596405029297,10.59180736541748,9.0,6.9384284019470215,2,0,0.0,0,evasive,1,territorial,0.0,5.757263761404208
3,44,13.449596405029297,9.59180736541748,9.0,6.9384284019470215,1,1,0.0,0,evasive,1,territorial,0.0,5.180668691533672
3,45,13.449596405029297,10.59180736541748,9.0,7.9384284019470215,2,0,0.0,0,evasive,1,territorial,0.0,5.180668691533672
3,46,13.449596405029297,9.59180736541748,9.0,7.9384284019470215,1,3,0.0,0,evasive,1,territorial,0.0,4.746848445494789
3,47,13.449596405029297,10.59180736541748,8.0,7.9384284019470215,2,0,0.0,0,evasive,1,territorial,0.0,6.0612309724589615
3,48,13.449596405029297,9.59180736541748,8.0,7.9384284019470215,1,3,0.0,0,evasive,1,territorial,0.0,5.694889197741681
3,49,13.449596405029297,10.59180736541748,7.0,7.9384284019470215,2,3,0.0,0,evasive,1,territorial,0.0,6.974074398194674
4,0,1.3140671253204346,3.63889741897583,9.939349174499512,3.100616931915283,4,0,0.0,0,evasive,0,evasive,0.0,8.64206204042999
4,1,2.3140671253204346,3.63889741897583,9.939349174499512,3.100616931915283,4,4,0.0,0,evasive,0,evasive,0.0,7.644257466378458
4,2,3.3140671253204346,3.63889741897583,10.939349174499512,3.100616931915283,4,4,0.0,0,evasive,0,evasive,0.0,7.644257466378458
4,3,4.3140668869018555,3.63889741897583,11.939349174499512,3.100616931915283,4,4,0.0,0,evasive,0,evasive,0.0,7.6442577042052084
4,4,5.3140668869018555,3.63889741897583,12.939349174499512,3.100616931915283,4,0,0.0,0,evasive,0,evasive,0.0,7.6442577042052084
4,5,6.3140668869018555,3.63889741897583,12.939349174499512,3.100616931915283,4,4,0.0,0,evasive,0,evasive,0.0,6.647113002883686
4,6,7.3140668869018555,3.63889741897583,13.939349174499512,3.100616931915283,4,1,0.0,0,evasive,0,evasive,0.0,6.647113002883686
4,7,8.314066886901855,3.63889741897583,13.939349174499512,4.100616931915283,4,2,0.0,0,evasive,0,evasive,0.0,5.64419929873042
4,8,9.314066886901855,3.63889741897583,13.939349174499512,3.100616931915283,4,1,0.0,0,evasive,0,evasive,0.0,4.65649891256454
4,9,10.314066886901855,3.63889741897583,13.939349174499512,4.100616931915283,2,3,0.0,0,evasive,0,evasive,0.0,3.654566537005222
4,10,10.314066886901855,2.63889741897583,12.939349174499512,4.100616931915283,1,1,0.0,0,evasive,0,evasive,0.0,3.004784688473025
4,11,10.314066886901855,3.63889741897583,12.939349174499512,5.100616931915283,2,0,0.0,0,evasive,0,evasive,0.0,3.004784688473025
4,12,10.314066886901855,2.63889741897583,12.939349174499512,5.100616931915283,1,0,0.0,0,evasive,0,evasive,0.0,3.598912342633652
4,13,10.314066886901855,3.63889741897583,12.939349174499512,5.100616931915283,2,2,0.0,0,evasive,0,evasive,0.0,3.004784688473025
4,14,10.314066886901855,2.63889741897583,12.939349174499512,4.100616931915283,1,3,0.0,0,evasive,0,evasive,0.0,3.004784688473025
4,15,10.314066886901855,3.63889741897583,11.939349174499512,4.100616931915283,2,3,0.0,0,evasive,0,evasive,0.0,1.6895938633315748
4,16,10.314066886901855,2.63889741897583,10.939349174499512,4.100616931915283,1,2,1.0,0,evasive,0,evasive,0.0,1.5898433487898453
5,0,13.93820571899414,7.727321624755859,5.472227096557617,11.923063278198242,3,3,0.0,0,evasive,0,evasive,0.0,9.44865292292947
5,1,12.93820571899414,7.727321624755859,4.472227096557617,11.923063278198242,3,2,0.0,0,evasive,0,evasive,0.0,9.44865292292947
5,2,11.93820571899414,7.727321624755859,4.472227096557617,10.923063278198242,3,4,0.0,0,evasive,0,evasive,0.0,8.121182272688246
5,3,10.93820571899414,7.727321624755859,5.472227096557617,10.923063278198242,3,3,0.0,0,evasive,0,evasive,0.0,6.331641731532173
5,4,9.93820571899414,7.727321624755859,4.472227096557617,10.923063278198242,2,1,0.0,0,evasive,0,evasive,0.0,6.331641731532173
5,5,9.93820571899414,6.727321624755859,4.472227096557617,11.923063278198242,1,1,0.0,0,evasive,0,evasive,0.0,7.541396000095026
5,6,9.93820571899414,7.727321624755859,4.472227096557617,12.923063278198242,3,3,0.0,0,evasive,0,evasive,0.0,7.541396000095026
5,7,8.93820571899414,7.727321624755859,3.472226858139038,12.923063278198242,1,3,0.0,0,evasive,0,evasive,0.0,7.541396172900018
5,8,8.93820571899414,8.72732162475586,2.472226858139038,12.923063278198242,3,3,0.0,0,evasive,0,evasive,0.0,7.707991349985836
5,9,7.938205718994141,8.72732162475586,1.472226858139038,12.923063278198242,1,1,0.0,0,evasive,0,evasive,0.0,7.707991349985836
5,10,7.938205718994141,9.72732162475586,1.472226858139038,13.923063278198242,3,3,0.0,0,evasive,0,evasive,0.0,7.707991349985836
5,11,6.938205718994141,9.72732162475586,0.47222691774368286,13.923063278198242,1,0,0.0,0,evasive,0,evasive,0.0,7.707991299985472
5,12,6.938205718994141,10.72732162475586,0.47222691774368286,13.923063278198242,3,0,0.0,0,evasive,0,evasive,0.0,7.212603314599171
5,13,5.938205718994141,10.72732162475586,0.47222691774368286,13.923063278198242,1,3,0.0,0,evasive,0,evasive,0.0,6.3316418858986365
5,14,5.938205718994141,11.72732162475586,0.0,13.923063278198242,3,2,0.0,0,evasive,0,evasive,0.0,6.331158548777357
5,15,4.938205718994141,11.72732162475586,0.0,12.923063278198242,4,0,0.0,0,evasive,0,evasive,0.0,5.080912696050146
5,16,5.938205718994141,11.72732162475586,0.0,12.923063278198242,3,4,0.0,0,evasive,1,territorial,0.0,6.057399216072178
5,17,4.938205718994141,11.72732162475586,1.0,12.923063278198242,4,2,0.0,0,evasive,1,territorial,0.0,4.115733517478419
5,18,5.938205718994141,11.72732162475586,1.0,11.923063278198242,3,4,0.0,0,evasive,1,territorial,0.0,4.9420836211054535
5,19,4.938205718994141,11.72732162475586,2.0,11.923063278198242,4,1,0.0,0,evasive,1,territorial,0.0,2.9447186015003592
5,20,5.938205718994141,11.72732162475586,2.0,12.923063278198242,2,4,0.0,0,evasive,1,territorial,0.0,4.115733517478419
5,21,5.938205718994141,10.72732162475586,3.0,12.923063278198242,1,0,0.0,0,evasive,1,territorial,0.0,3.6680150293846623
5,22,5.938205718994141,11.72732162475586,3.0,12.923063278198242,3,2,0.0,0,evasive,1,territorial,0.0,3.1721997019271972
5,23,4.938205718994141,11.72732162475586,3.0,11.923063278198242,4,3,0.0,0,evasive,1,territorial,0.0,1.9480647330194014
5,24,5.938205718994141,11.72732162475586,2.0,11.923063278198242,3,4,0.0,0,evasive,1,territorial,0.0,3.9430672172828243
5,25,4.938205718994141,11.72732162475586,3.0,11.923063278198242,4,4,0.0,0,evasive,1,territorial,0.0,1.9480647330194014
5,26,5.938205718994141,11.72732162475586,4.0,11.923063278198242,3,4,1.0,0,evasive,1,territorial,0.0,1.9480647330194014
6,0,10.992127418518066,14.183138847351074,8.319046020507812,12.614472389221191,3,4,0.0,0,evasive,0,evasive,0.0,3.0993674543768126
6,1,9.992127418518066,14.183138847351074,9.319046020507812,12.614472389221191,3,1,1.0,0,evasive,0,evasive,0.0,1.7069718876446645
7,0,14.516096115112305,15.567201614379883,5.712657451629639,14.428038597106934,3,1,0.0,0,evasive,0,evasive,0.0,8.876836411786796
7,1,13.516096115112305,15.567201614379883,5.712657451629639,15.428038597106934,3,0,0.0,0,evasive,0,evasive,0.0,7.8046794501832455
7,2,12.516096115112305,15.567201614379883,5.712657451629639,15.428038597106934,2,3,0.0,0,evasive,0,evasive,0.0,6.804861790892399
7,3,12.516096115112305,14.567201614379883,4.712657451629639,15.428038597106934,3,2,0.0,0,evasive,0,evasive,0.0,7.8507767313538315
7,4,11.516096115112305,14.567201614379883,4.712657451629639,14.428038597106934,3,2,0.0,0,evasive,0,evasive,0.0,6.804861790892399
7,5,10.516096115112305,14.567201614379883,4.712657451629639,13.428038597106934,3,2,0.0,0,evasive,0,evasive,0.0,5.914185717470147
7,6,9.516096115112305,14.567201614379883,4.712657451629639,12.428038597106934,3,0,0.0,0,evasive,0,evasive,0.0,5.258235579384824
7,7,8.516096115112305,14.567201614379883,4.712657451629639,12.428038597106934,3,0,0.0,0,evasive,0,evasive,0.0,4.363732815072792
7,8,7.5160956382751465,14.567201614379883,4.712657451629639,12.428038597106934,3,3,0.0,0,evasive,0,evasive,0.0,3.5263698162289447
7,9,6.5160956382751465,14.567201614379883,3.7126576900482178,12.428038597106934,3,3,0.0,0,evasive,0,evasive,0.0,3.5263696266879228
7,10,5.5160956382751465,14.567201614379883,2.7126576900482178,12.428038597106934,4,1,0.0,0,evasive,0,evasive,0.0,3.5263696266879228
7,11,6.5160956382751465,14.567201614379883,2.7126576900482178,13.428038597106934,3,2,0.0,0,evasive,0,evasive,0.0,3.9703693286563504
7,12,5.5160956382751465,14.567201614379883,2.7126576900482178,12.428038597106934,4,2,0.0,0,evasive,0,evasive,0.0,3.5263696266879228
7,13,6.5160956382751465,14.567201614379883,2.7126576900482178,11.428038597106934,3,2,0.0,0,evasive,0,evasive,0.0,4.931580342550132
7,14,5.5160956382751465,14.567201614379883,2.7126576900482178,10.428038597106934,4,1,0.0,0,evasive,0,evasive,0.0,4.999193416254157
7,15,6.5160956382751465,14.567201614379883,2.7126576900482178,11.428038597106934,3,4,0.0,0,evasive,0,evasive,0.0,4.931580342550132
7,16,5.5160956382751465,14.567201614379883,3.7126576900482178,11.428038597106934,4,2,0.0,0,evasive,0,evasive,0.0,3.6203222069477685
7,17,6.5160956382751465,14.567201614379883,3.7126576900482178,10.428038597106934,3,4,0.0,0,evasive,0,evasive,0.0,4.999193416254157
7,18,5.5160956382751465,14.567201614379883,4.712657451629639,10.428038597106934,4,1,0.0,0,evasive,0,evasive,0.0,4.216418314555653
7,19,6.5160956382751465,14.567201614379883,4.712657451629639,11.428038597106934,3,2,0.0,0,evasive,0,evasive,0.0,3.6203223257143065
7,20,5.5160956382751465,14.567201614379883,4.712657451629639,10.428038597106934,4,3,0.0,0,evasive,0,evasive,0.0,4.216418314555653
7,21,6.5160956382751465,14.567201614379883,3.7126576900482178,10.428038597106934,3,1,0.0,0,evasive,0,evasive,0.0,4.999193416254157
7,22,5.5160956382751465,14.567201614379883,3.7126576900482178,11.428038597106934,4,3,0.0,0,evasive,0,evasive,0.0,3.6203222069477685
7,23,6.5160956382751465,14.567201614379883,2.7126576900482178,11.428038597106934,3,0,0.0,0,evasive,0,evasive,0.0,4.931580342550132
7,24,5.5160956382751465,14.567201614379883,2.7126576900482178,11.428038597106934,4,2,0.0,0,evasive,0,evasive,0.0,4.208753827271561
7,25,6.5160956382751465,14.567201614379883,2.7126576900482178,10.428038597106934,3,2,0.0,0,evasive,0,evasive,0.0,5.621281945390462
7,26,5.5160956382751465,14.567201614379883,2.7126576900482178,9.428038597106934,4,2,0.0,0,evasive,0,evasive,0.0,5.854080700474227
7,27,6.5160956382751465,14.567201614379883,2.7126576900482178,8.428038597106934,3,2,0.0,0,evasive,0,evasive,0.0,7.221873910465661
7,28,5.5160956382751465,14.567201614379883,2.7126576900482178,7.428038120269775,4,3,0.0,0,evasive,0,evasive,0.0,7.669870906683713
7,29,6.5160956382751465,14.567201614379883,1.7126576900482178,7.428038120269775,3,2,0.0,0,evasive,0,evasive,0.0,8.604688926283213
7,30,5.5160956382751465,14.567201614379883,1.7126576900482178,6.428038120269775,2,1,0.0,0,evasive,0,evasive,0.0,8.98399257623621
7,31,5.5160956382751465,13.567201614379883,1.7126576900482178,7.428038120269775,1,3,0.0,0,evasive,0,evasive,0.0,7.2218743158148975
7,32,5.5160956382751465,14.567201614379883,0.7126576900482178,7.428038120269775,4,4,0.0,0,evasive,1,territorial,0.0,8.604688926283213
7,33,6.5160956382751465,14.567201614379883,1.7126576900482178,7.428038120269775,3,4,0.0,0,evasive,1,territorial,0.0,8.604688926283213
7,34,5.5160956382751465,14.567201614379883,2.7126576900482178,7.428038120269775,4,4,0.0,0,evasive,1,territorial,0.0,7.669870906683713
7,35,6.5160956382751465,14.567201614379883,3.7126576900482178,7.428038120269775,3,4,0.0,0,evasive,1,territorial,0.0,7.669870906683713
7,36,5.5160956382751465,14.567201614379883,4.712657451629639,7.428038120269775,4,4,0.0,0,evasive,1,territorial,0.0,7.184230530501834
7,37,6.5160956382751465,14.567201614379883,5.712657451629639,7.428038120269775,3,0,0.0,0,evasive,1,territorial,0.0,7.184230530501834
7,38,5.5160956382751465,14.567201614379883,5.712657451629639,7.428038120269775,4,4,0.0,0,evasive,1,territorial,0.0,7.141868939017549
7,39,6.5160956382751465,14.567201614379883,6.712657451629639,7.428038120269775,3,3,0.0,0,evasive,1,territorial,0.0,7.141868939017549
7,40,5.5160956382751465,14.567201614379883,5.712657451629639,7.428038120269775,4,4,0.0,0,evasive,1,territorial,0.0,7.141868939017549
7,41,6.5160956382751465,14.567201614379883,6.712657451629639,7.428038120269775,3,0,0.0,0,evasive,1,territorial,0.0,7.141868939017549
7,42,5.5160956382751465,14.567201614379883,6.712657451629639,7.428038120269775,4,0,0.0,0,evasive,1,territorial,0.0,7.238744060181478
7,43,6.5160956382751465,14.567201614379883,6.712657451629639,7.428038120269775,3,1,0.0,0,evasive,1,territorial,0.0,7.141868939017549
7,44,5.5160956382751465,14.567201614379883,6.712657451629639,8.428038597106934,4,2,0.0,0,evasive,1,territorial,0.0,6.254684862231677
7,45,6.5160956382751465,14.567201614379883,6.712657451629639,7.428038120269775,2,4,0.0,0,evasive,1,territorial,0.0,7.141868939017549
7,46,6.5160956382751465,13.567201614379883,7.712657451629639,7.428038120269775,1,2,0.0,0,evasive,1,territorial,0.0,6.25468533026182
7,47,6.5160956382751465,14.567201614379883,7.712657451629639,6.428038120269775,3,0,0.0,0,evasive,1,territorial,0.0,8.226648318545825
7,48,5.5160956382751465,14.567201614379883,7.712657451629639,6.428038120269775,4,1,0.0,0,evasive,1,territorial,0.0,8.430353858750049
7,49,6.5160956382751465,14.567201614379883,7.712657451629639,7.428038120269775,3,2,0.0,0,evasive,1,territorial,0.0,7.238744060181478
8,0,8.746960639953613,3.407198429107666,5.864412307739258,5.868930339813232,3,3,0.0,0,evasive,0,evasive,0.0,3.79067393582432
8,1,7.746960639953613,3.407198429107666,4.864412307739258,5.868930339813232,1,3,0.0,0,evasive,0,evasive,0.0,3.79067393582432
8,2,7.746960639953613,4.407198429107666,3.8644120693206787,5.868930339813232,3,0,0.0,0,evasive,0,evasive,0.0,4.148595374593525
8,3,6.746960639953613,4.407198429107666,3.8644120693206787,5.868930339813232,1,3,0.0,0,evasive,0,evasive,0.0,3.231988001344207
8,4,6.746960639953613,5.407198429107666,2.8644120693206787,5.868930339813232,3,3,0.0,0,evasive,0,evasive,0.0,3.9099078967013603
8,5,5.746960639953613,5.407198429107666,1.8644120693206787,5.868930339813232,1,3,0.0,0,evasive,0,evasive,0.0,3.9099078967013603
8,6,5.746960639953613,6.407198429107666,0.8644121289253235,5.868930339813232,2,3,0.0,0,evasive,0,evasive,0.0,4.912129120706951
8,7,5.746960639953613,5.407198429107666,0.0,5.868930339813232,1,3,0.0,0,evasive,0,evasive,0.0,5.76547942104903
8,8,5.746960639953613,6.407198429107666,0.0,5.868930339813232,2,3,0.0,0,evasive,0,evasive,0.0,5.772113056163118
8,9,5.746960639953613,5.407198429107666,0.0,5.868930339813232,1,3,0.0,0,evasive,0,evasive,0.0,5.76547942104903
8,10,5.746960639953613,6.407198429107666,0.0,5.868930339813232,2,3,0.0,0,evasive,0,evasive,0.0,5.772113056163118
8,11,5.746960639953613,5.407198429107666,0.0,5.868930339813232,1,3,0.0,0,evasive,0,evasive,0.0,5.76547942104903
8,12,5.746960639953613,6.407198429107666,0.0,5.868930339813232,2,3,0.0,0,evasive,0,evasive,0.0,5.772113056163118
8,13,5.746960639953613,5.407198429107666,0.0,5.868930339813232,1,2,0.0,0,evasive,0,evasive,0.0,5.76547942104903
8,14,5.746960639953613,6.407198429107666,0.0,4.868930339813232,2,3,0.0,0,evasive,0,evasive,0.0,5.949270989937976
8,15,5.746960639953613,5.407198429107666,0.0,4.868930339813232,1,2,0.0,0,evasive,0,evasive,0.0,5.772113056163118
8,16,5.746960639953613,6.407198429107666,0.0,3.8689303398132324,2,3,0.0,0,evasive,0,evasive,0.0,6.282544189284025
8,17,5.746960639953613,5.407198429107666,0.0,3.8689303398132324,1,3,0.0,0,evasive,0,evasive,0.0,5.949270989937976
8,18,5.746960639953613,6.407198429107666,0.0,3.8689303398132324,2,3,0.0,0,evasive,0,evasive,0.0,6.282544189284025
8,19,5.746960639953613,5.407198429107666,0.0,3.8689303398132324,1,1,0.0,0,evasive,0,evasive,0.0,5.949270989937976
8,20,5.746960639953613,6.407198429107666,0.0,4.868930339813232,2,3,0.0,0,evasive,0,evasive,0.0,5.949270989937976
8,21,5.746960639953613,5.407198429107666,0.0,4.868930339813232,1,1,0.0,0,evasive,0,evasive,0.0,5.772113056163118
8,22,5.746960639953613,6.407198429107666,0.0,5.868930339813232,2,2,0.0,0,evasive,0,evasive,0.0,5.772113056163118
8,23,5.746960639953613,5.407198429107666,0.0,4.868930339813232,1,3,0.0,0,evasive,0,evasive,0.0,5.772113056163118
8,24,5.746960639953613,6.407198429107666,0.0,4.868930339813232,2,1,0.0,0,evasive,0,evasive,0.0,5.949270989937976
8,25,5.746960639953613,5.407198429107666,0.0,5.868930339813232,2,3,0.0,0,evasive,0,evasive,0.0,5.76547942104903
8,26,5.746960639953613,4.407198429107666,0.0,5.868930339813232,1,3,0.0,0,evasive,0,evasive,0.0,5.929942392296151
8,27,5.746960639953613,5.407198429107666,0.0,5.868930339813232,1,0,0.0,0,evasive,0,evasive,0.0,5.76547942104903
8,28,5.746960639953613,6.407198429107666,0.0,5.868930339813232,2,2,0.0,0,evasive,0,evasive,0.0,5.772113056163118
8,29,5.746960639953613,5.407198429107666,0.0,4.868930339813232,1,2,0.0,0,evasive,0,evasive,0.0,5.772113056163118
8,30,5.746960639953613,6.407198429107666,0.0,3.8689303398132324,2,3,0.0,0,evasive,0,evasive,0.0,6.282544189284025
8,31,5.746960639953613,5.407198429107666,0.0,3.8689303398132324,1,3,0.0,0,evasive,0,evasive,0.0,5.949270989937976
8,32,5.746960639953613,6.407198429107666,0.0,3.8689303398132324,2,4,0.0,0,evasive,1,territorial,0.0,6.282544189284025
8,33,5.746960639953613,5.407198429107666,1.0,3.8689303398132324,1,4,0.0,0,evasive,1,territorial,0.0,4.989980363870219
8,34,5.746960639953613,6.407198429107666,2.0,3.8689303398132324,2,4,0.0,0,evasive,1,territorial,0.0,4.525761696166956
8,35,5.746960639953613,5.407198429107666,3.0,3.8689303398132324,2,4,0.0,0,evasive,1,territorial,0.0,3.1483426547940923
8,36,5.746960639953613,4.407198429107666,4.0,3.8689303398132324,1,1,0.0,0,evasive,1,territorial,0.0,1.8280054741438327
8,37,5.746960639953613,5.407198429107666,4.0,4.868930339813232,1,4,0.0,0,evasive,1,territorial,0.0,1.8280054741438327
8,38,5.746960639953613,6.407198429107666,5.0,4.868930339813232,2,1,1.0,0,evasive,1,territorial,0.0,1.710034769290221
9,0,12.357227325439453,14.102249145507812,1.2128657102584839,6.095553874969482,3,2,0.0,0,evasive,0,evasive,0.0,13.722389185749682
9,1,11.357227325439453,14.102249145507812,1.2128657102584839,5.095553874969482,2,3,0.0,0,evasive,0,evasive,0.0,13.565715324887757
9,2,11.357227325439453,13.102249145507812,0.2128656655550003,5.095553874969482,3,3,0.0,0,evasive,0,evasive,0.0,13.722389222054716
9,3,10.357227325439453,13.102249145507812,0.0,5.095553874969482,3,1,0.0,0,evasive,0,evasive,0.0,13.091192727406106
9,4,9.357227325439453,13.102249145507812,0.0,6.095553874969482,3,2,0.0,0,evasive,0,evasive,0.0,11.689802471989635
9,5,8.357227325439453,13.102249145507812,0.0,5.095553874969482,3,0,0.0,0,evasive,0,evasive,0.0,11.573695076523
9,6,7.357227325439453,13.102249145507812,0.0,5.095553874969482,2,0,0.0,0,evasive,0,evasive,0.0,10.87363614774073
9,7,7.357227325439453,12.102249145507812,0.0,5.095553874969482,3,2,0.0,0,evasive,0,evasive,0.0,10.159851009359201
9,8,6.357227325439453,12.102249145507812,0.0,4.095553874969482,2,2,0.0,0,evasive,0,evasive,0.0,10.22357610734008
9,9,6.357227325439453,11.102249145507812,0.0,3.0955538749694824,3,3,0.0,0,evasive,0,evasive,0.0,10.22357610734008
9,10,5.357227325439453,11.102249145507812,0.0,3.0955538749694824,2,3,0.0,0,evasive,0,evasive,0.0,9.633641770986506
9,11,5.357227325439453,10.102249145507812,0.0,3.0955538749694824,3,2,0.0,0,evasive,0,evasive,0.0,8.820071611422401
9,12,4.357227325439453,10.102249145507812,0.0,2.0955538749694824,2,2,0.0,0,evasive,0,evasive,0.0,9.115514199474275
9,13,4.357227325439453,9.102249145507812,0.0,1.0955537557601929,3,2,0.0,0,evasive,0,evasive,0.0,9.115514304182843
9,14,3.357227087020874,9.102249145507812,0.0,0.09555379301309586,2,2,0.0,0,evasive,0,evasive,0.0,9.612051544102153
9,15,3.357227087020874,8.102249145507812,0.0,0.0,3,2,0.0,0,evasive,0,evasive,0.0,8.77025740384561
9,16,2.357227087020874,8.102249145507812,0.0,0.0,2,3,0.0,0,evasive,0,evasive,0.0,8.438184683666682
9,17,2.357227087020874,7.1022491455078125,0.0,0.0,3,2,0.0,0,evasive,0,evasive,0.0,7.483212041941038
9,18,1.3572272062301636,7.1022491455078125,0.0,0.0,2,2,0.0,0,evasive,0,evasive,0.0,7.230768189770558
9,19,1.3572272062301636,6.1022491455078125,0.0,0.0,3,3,0.0,0,evasive,0,evasive,0.0,6.2513606777390605
9,20,0.3572271764278412,6.1022491455078125,0.0,0.0,4,2,0.0,0,evasive,0,evasive,0.0,6.112696286372278
9,21,1.3572272062301636,6.1022491455078125,0.0,0.0,3,4,0.0,0,evasive,0,evasive,0.0,6.2513606777390605
9,22,0.3572271764278412,6.1022491455078125,1.0,0.0,4,2,0.0,0,evasive,0,evasive,0.0,6.13600859977997
9,23,1.3572272062301636,6.1022491455078125,1.0,0.0,3,1,0.0,0,evasive,1,territorial,0.0,6.1126962881139315
9,24,0.3572271764278412,6.1022491455078125,1.0,1.0,4,4,0.0,0,evasive,1,territorial,0.0,5.142577490476748
9,25,1.3572272062301636,6.1022491455078125,2.0,1.0,3,1,0.0,0,evasive,1,territorial,0.0,5.142577486751744
9,26,0.3572271764278412,6.1022491455078125,2.0,2.0,4,4,0.0,0,evasive,1,territorial,0.0,4.418953564101666
9,27,1.3572272062301636,6.1022491455078125,3.0,2.0,3,1,0.0,0,evasive,1,territorial,0.0,4.418953553022472
9,28,0.3572271764278412,6.1022491455078125,3.0,3.0,4,4,0.0,0,evasive,1,territorial,0.0,4.075315688117365
9,29,1.3572272062301636,6.1022491455078125,4.0,3.0,3,4,0.0,0,evasive,1,territorial,0.0,4.075315668791067
9,30,0.3572271764278412,6.1022491455078125,5.0,3.0,4,1,0.0,0,evasive,1,territorial,0.0,5.5838418004187895
9,31,1.3572272062301636,6.1022491455078125,5.0,4.0,3,1,0.0,0,evasive,1,territorial,0.0,4.2058584256746006
9,32,0.3572271764278412,6.1022491455078125,5.0,5.0,4,1,0.0,0,evasive,1,territorial,0.0,4.7718227827605775
9,33,1.3572272062301636,6.1022491455078125,5.0,6.0,3,1,0.0,0,evasive,1,territorial,0.0,3.6442075290502842
9,34,0.3572271764278412,6.1022491455078125,5.0,7.0,4,4,0.0,0,evasive,1,territorial,0.0,4.728773211737019
9,35,1.3572272062301636,6.1022491455078125,6.0,7.0,3,4,0.0,0,evasive,1,territorial,0.0,4.728773182476701
9,36,0.3572271764278412,6.1022491455078125,7.0,7.0,2,4,0.0,0,evasive,1,territorial,0.0,6.703162491117927
9,37,0.3572271764278412,5.1022491455078125,8.0,7.0,1,4,0.0,0,evasive,1,territorial,0.0,7.8748609345472875
9,38,0.3572271764278412,6.1022491455078125,9.0,7.0,2,1,0.0,0,evasive,1,territorial,0.0,8.689273771531136
9,39,0.3572271764278412,5.1022491455078125,9.0,8.0,1,0,0.0,0,evasive,1,territorial,0.0,9.11561748290195
9,40,0.3572271764278412,6.1022491455078125,9.0,8.0,4,1,0.0,0,evasive,1,territorial,0.0,8.848671108454834
9,41,1.3572272062301636,6.1022491455078125,9.0,9.0,3,2,0.0,0,evasive,1,territorial,0.0,8.173673347516317
9,42,0.3572271764278412,6.1022491455078125,9.0,8.0,2,1,0.0,0,evasive,1,territorial,0.0,8.848671108454834
9,43,0.3572271764278412,5.1022491455078125,9.0,9.0,1,3,0.0,0,evasive,1,territorial,0.0,9.48103284476813
9,44,0.3572271764278412,6.1022491455078125,8.0,9.0,4,1,0.0,0,evasive,1,territorial,0.0,8.173673375382904
9,45,1.3572272062301636,6.1022491455078125,8.0,10.0,3,4,0.0,0,evasive,1,territorial,0.0,7.701875882753714
9,46,0.3572271764278412,6.1022491455078125,9.0,10.0,4,2,0.0,0,evasive,1,territorial,0.0,9.48103284476813
9,47,1.3572272062301636,6.1022491455078125,9.0,9.0,3,4,0.0,0,evasive,1,territorial,0.0,8.173673347516317
9,48,0.3572271764278412,6.1022491455078125,10.0,9.0,4,0,0.0,0,evasive,1,territorial,0.0,10.068764956127042
9,49,1.3572272062301636,6.1022491455078125,10.0,9.0,3,4,0.0,0,evasive,1,territorial,0.0,9.11561745464553
10,0,1.5207997560501099,4.251613140106201,1.6969833374023438,5.111631393432617,2,4,0.0,0,evasive,0,evasive,0.0,0.8778792914704838
10,1,1.5207997560501099,3.2516133785247803,2.6969833374023438,5.111631393432617,1,1,0.0,0,evasive,0,evasive,0.0,2.200698714686828
10,2,1.5207997560501099,4.251613140106201,2.6969833374023438,6.111631393432617,1,1,0.0,0,evasive,0,evasive,0.0,2.200698916196856
10,3,1.5207997560501099,5.251613140106201,2.6969833374023438,7.111631393432617,4,1,0.0,0,evasive,0,evasive,0.0,2.200698916196856
10,4,2.5207996368408203,5.251613140106201,2.6969833374023438,8.111631393432617,3,0,0.0,0,evasive,0,evasive,0.0,2.8654397752707763
10,5,1.5207997560501099,5.251613140106201,2.6969833374023438,8.111631393432617,4,4,0.0,0,evasive,0,evasive,0.0,3.092428208771038
10,6,2.5207996368408203,5.251613140106201,3.6969833374023438,8.111631393432617,3,1,0.0,0,evasive,0,evasive,0.0,3.0924282541114647
10,7,1.5207997560501099,5.251613140106201,3.6969833374023438,9.111631393432617,2,4,0.0,0,evasive,0,evasive,0.0,4.431198020373288
10,8,1.5207997560501099,4.251613140106201,4.696983337402344,9.111631393432617,1,1,0.0,0,evasive,0,evasive,0.0,5.805852182506669
10,9,1.5207997560501099,5.251613140106201,4.696983337402344,10.111631393432617,4,1,0.0,0,evasive,0,evasive,0.0,5.805852182506669
10,10,2.5207996368408203,5.251613140106201,4.696983337402344,11.111631393432617,3,4,0.0,0,evasive,0,evasive,0.0,6.2510470665248095
10,11,1.5207997560501099,5.251613140106201,5.696983337402344,11.111631393432617,4,2,0.0,0,evasive,0,evasive,0.0,7.195854586807237
10,12,2.5207996368408203,5.251613140106201,5.696983337402344,10.111631393432617,3,2,0.0,0,evasive,0,evasive,0.0,5.805852247722004
10,13,1.5207997560501099,5.251613140106201,5.696983337402344,9.111631393432617,4,3,0.0,0,evasive,0,evasive,0.0,5.686848883271744
10,14,2.5207996368408203,5.251613140106201,4.696983337402344,9.111631393432617,3,1,0.0,0,evasive,0,evasive,0.0,4.43119807891757
10,15,1.5207997560501099,5.251613140106201,4.696983337402344,10.111631393432617,4,4,0.0,0,evasive,0,evasive,0.0,5.805852182506669
10,16,2.5207996368408203,5.251613140106201,5.696983337402344,10.111631393432617,3,1,0.0,0,evasive,0,evasive,0.0,5.805852247722004
10,17,1.5207997560501099,5.251613140106201,5.696983337402344,11.111631393432617,4,4,0.0,0,evasive,0,evasive,0.0,7.195854586807237
10,18,2.5207996368408203,5.251613140106201,6.696983337402344,11.111631393432617,3,4,0.0,0,evasive,0,evasive,0.0,7.195854655991498
10,19,1.5207997560501099,5.251613140106201,7.696983337402344,11.111631393432617,4,3,0.0,0,evasive,0,evasive,0.0,8.51381568745082
10,20,2.5207996368408203,5.251613140106201,6.696983337402344,11.111631393432617,2,4,0.0,0,evasive,0,evasive,0.0,7.195854655991498
10,21,2.5207996368408203,4.251613140106201,7.696983337402344,11.111631393432617,1,1,0.0,0,evasive,0,evasive,0.0,8.593761000745273
10,22,2.5207996368408203,5.251613140106201,7.696983337402344,12.111631393432617,3,1,0.0,0,evasive,0,evasive,0.0,8.593761000745273
10,23,1.5207997560501099,5.251613140106201,7.696983337402344,13.111631393432617,4,2,0.0,0,evasive,1,territorial,0.0,9.996255827718164
10,24,2.5207996368408203,5.251613140106201,7.696983337402344,12.111631393432617,3,2,0.0,0,evasive,1,territorial,0.0,8.593761000745273
10,25,1.5207997560501099,5.251613140106201,7.696983337402344,11.111631393432617,4,2,0.0,0,evasive,1,territorial,0.0,8.51381568745082
10,26,2.5207996368408203,5.251613140106201,7.696983337402344,10.111631393432617,3,4,0.0,0,evasive,1,territorial,0.0,7.100186978145346
10,27,1.5207997560501099,5.251613140106201,8.696983337402344,10.111631393432617,4,0,0.0,0,evasive,1,territorial,0.0,8.667028799763811
10,28,2.5207996368408203,5.251613140106201,8.696983337402344,10.111631393432617,2,3,0.0,0,evasive,1,territorial,0.0,7.859072625046022
10,29,2.5207996368408203,4.251613140106201,7.696983337402344,10.111631393432617,1,0,0.0,0,evasive,1,territorial,0.0,7.8187397725770085
10,30,2.5207996368408203,5.251613140106201,7.696983337402344,10.111631393432617,3,4,0.0,0,evasive,1,territorial,0.0,7.100186978145346
10,31,1.5207997560501099,5.251613140106201,8.696983337402344,10.111631393432617,4,4,0.0,0,evasive,1,territorial,0.0,8.667028799763811
10,32,2.5207996368408203,5.251613140106201,9.696983337402344,10.111631393432617,3,0,0.0,0,evasive,1,territorial,0.0,8.667028898467503
10,33,1.5207997560501099,5.251613140106201,9.696983337402344,10.111631393432617,4,1,0.0,0,evasive,1,territorial,0.0,9.511559040380277
10,34,2.5207996368408203,5.251613140106201,9.696983337402344,11.111631393432617,3,1,0.0,0,evasive,1,territorial,0.0,9.264848969817244
10,35,1.5207997560501099,5.251613140106201,9.696983337402344,12.111631393432617,4,2,0.0,0,evasive,1,territorial,0.0,10.672854744254016
10,36,2.5207996368408203,5.251613140106201,9.696983337402344,11.111631393432617,3,3,0.0,0,evasive,1,territorial,0.0,9.264848969817244
10,37,1.5207997560501099,5.251613140106201,8.696983337402344,11.111631393432617,2,3,0.0,0,evasive,1,territorial,0.0,9.264848877482468
10,38,1.5207997560501099,4.251613140106201,7.696983337402344,11.111631393432617,1,4,0.0,0,evasive,1,territorial,0.0,9.230660543348808
10,39,1.5207997560501099,5.251613140106201,8.696983337402344,11.111631393432617,4,0,0.0,0,evasive,1,territorial,0.0,9.264848877482468
10,40,2.5207996368408203,5.251613140106201,8.696983337402344,11.111631393432617,3,2,0.0,0,evasive,1,territorial,0.0,8.513815773928904
10,41,1.5207997560501099,5.251613140106201,8.696983337402344,10.111631393432617,4,0,0.0,0,evasive,1,territorial,0.0,8.667028799763811
10,42,2.5207996368408203,5.251613140106201,8.696983337402344,10.111631393432617,3,2,0.0,0,evasive,1,territorial,0.0,7.859072625046022
10,43,1.5207997560501099,5.251613140106201,8.696983337402344,9.111631393432617,4,0,0.0,0,evasive,1,territorial,0.0,8.148457014016978
10,44,2.5207996368408203,5.251613140106201,8.696983337402344,9.111631393432617,3,4,0.0,0,evasive,1,territorial,0.0,7.283198886416253
10,45,1.5207997560501099,5.251613140106201,9.696983337402344,9.111631393432617,4,2,0.0,0,evasive,1,territorial,0.0,9.041555113584552
10,46,2.5207996368408203,5.251613140106201,9.696983337402344,8.111631393432617,3,1,0.0,0,evasive,1,territorial,0.0,7.725109508192435
10,47,1.5207997560501099,5.251613140106201,9.696983337402344,9.111631393432617,4,2,0.0,0,evasive,1,territorial,0.0,9.041555113584552
10,48,2.5207996368408203,5.251613140106201,9.696983337402344,8.111631393432617,2,3,0.0,0,evasive,1,territorial,0.0,7.725109508192435
10,49,2.5207996368408203,4.251613140106201,8.696983337402344,8.111631393432617,1,4,0.0,0,evasive,1,territorial,0.0,7.283198886416253
11,0,3.408059597015381,4.307937145233154,13.395844459533691,6.686563968658447,4,3,0.0,0,evasive,0,evasive,0.0,10.267117999958323
11,1,4.408059597015381,4.307937145233154,12.395844459533691,6.686563968658447,2,4,0.0,0,evasive,0,evasive,0.0,8.334420950191738
11,2,4.408059597015381,3.3079371452331543,13.395844459533691,6.686563968658447,4,1,0.0,0,evasive,0,evasive,0.0,9.601843361921823
11,3,5.408059597015381,3.3079371452331543,13.395844459533691,7.686563968658447,4,1,0.0,0,evasive,0,evasive,0.0,9.109175586665136
11,4,6.408059597015381,3.3079371452331543,13.395844459533691,8.686564445495605,4,3,0.0,0,evasive,0,evasive,0.0,8.818093270087848
11,5,7.408059597015381,3.3079371452331543,12.395844459533691,8.686564445495605,4,4,0.0,0,evasive,0,evasive,0.0,7.335368393604737
11,6,8.408060073852539,3.3079371452331543,13.395844459533691,8.686564445495605,2,4,0.0,0,evasive,0,evasive,0.0,7.3353680693727465
11,7,8.408060073852539,2.3079371452331543,14.395844459533691,8.686564445495605,4,0,0.0,0,evasive,0,evasive,0.0,8.748739799826057
11,8,9.408060073852539,2.3079371452331543,14.395844459533691,8.686564445495605,1,0,0.0,0,evasive,0,evasive,0.0,8.097214293428213
11,9,9.408060073852539,3.3079371452331543,14.395844459533691,8.686564445495605,4,4,0.0,0,evasive,0,evasive,0.0,7.3353680693727465
11,10,10.408060073852539,3.3079371452331543,15.395844459533691,8.686564445495605,1,0,0.0,0,evasive,0,evasive,0.0,7.3353680693727465
11,11,10.408060073852539,4.307937145233154,15.395844459533691,8.686564445495605,4,1,0.0,0,evasive,0,evasive,0.0,6.637045284812237
11,12,11.408060073852539,4.307937145233154,15.395844459533691,9.686564445495605,1,0,0.0,0,evasive,0,evasive,0.0,6.6956744202366165
11,13,11.408060073852539,5.307937145233154,15.395844459533691,9.686564445495605,2,1,0.0,0,evasive,0,evasive,0.0,5.922398276145066
11,14,11.408060073852539,4.307937145233154,15.395844459533691,10.686564445495605,1,4,0.0,0,evasive,0,evasive,0.0,7.52258669224462
11,15,11.408060073852539,5.307937145233154,16.0,10.686564445495605,4,4,0.0,0,evasive,0,evasive,0.0,7.07216684761295
11,16,12.408060073852539,5.307937145233154,16.0,10.686564445495605,1,4,0.0,0,evasive,0,evasive,0.0,6.467740259795593
11,17,12.408060073852539,6.307937145233154,16.0,10.686564445495605,4,4,0.0,0,evasive,0,evasive,0.0,5.663427360499636
11,18,13.408060073852539,6.307937145233154,16.0,10.686564445495605,1,3,0.0,0,evasive,0,evasive,0.0,5.088273736284335
11,19,13.408060073852539,7.307937145233154,15.0,10.686564445495605,2,4,0.0,0,evasive,0,evasive,0.0,3.734888908995972
11,20,13.408060073852539,6.307937145233154,16.0,10.686564445495605,1,4,0.0,0,evasive,0,evasive,0.0,5.088273736284335
11,21,13.408060073852539,7.307937145233154,16.0,10.686564445495605,2,1,0.0,0,evasive,0,evasive,0.0,4.258318331787332
11,22,13.408060073852539,6.307937145233154,16.0,11.686564445495605,1,0,0.0,0,evasive,0,evasive,0.0,5.9705765396556005
11,23,13.408060073852539,7.307937145233154,16.0,11.686564445495605,2,3,0.0,0,evasive,1,territorial,0.0,5.088273736284335
11,24,13.408060073852539,6.307937145233154,15.0,11.686564445495605,1,2,0.0,0,evasive,1,territorial,0.0,5.609269503562022
11,25,13.408060073852539,7.307937145233154,15.0,10.686564445495605,2,3,0.0,0,evasive,1,territorial,0.0,3.734888908995972
11,26,13.408060073852539,6.307937145233154,14.0,10.686564445495605,2,3,0.0,0,evasive,1,territorial,0.0,4.418457865677922
11,27,13.408060073852539,5.307937145233154,13.0,10.686564445495605,1,2,0.0,0,evasive,1,territorial,0.0,5.3940842280225
11,28,13.408060073852539,6.307937145233154,13.0,9.686564445495605,1,2,0.0,0,evasive,1,territorial,0.0,3.4031801976902836
11,29,13.408060073852539,7.307937145233154,13.0,8.686564445495605,2,0,0.0,0,evasive,1,territorial,0.0,1.4377504153716925
11,30,13.408060073852539,6.307937145233154,13.0,8.686564445495605,1,3,0.0,0,evasive,1,territorial,0.0,2.4133754074794034
11,31,13.408060073852539,7.307937145233154,12.0,8.686564445495605,2,1,0.0,0,evasive,1,territorial,0.0,1.970595444175834
11,32,13.408060073852539,6.307937145233154,12.0,9.686564445495605,1,3,0.0,0,evasive,1,territorial,0.0,3.6602944698010784
11,33,13.408060073852539,7.307937145233154,11.0,9.686564445495605,2,2,0.0,0,evasive,1,territorial,0.0,3.3847630866630136
11,34,13.408060073852539,6.307937145233154,11.0,8.686564445495605,1,2,0.0,0,evasive,1,territorial,0.0,3.3847630866630136
11,35,13.408060073852539,7.307937145233154,11.0,7.686563968658447,2,3,0.0,0,evasive,1,territorial,0.0,2.437644680977895
11,36,13.408060073852539,6.307937145233154,10.0,7.686563968658447,1,3,0.0,0,evasive,1,territorial,0.0,3.6763413042392417
11,37,13.408060073852539,7.307937145233154,9.0,7.686563968658447,2,2,0.0,0,evasive,1,territorial,0.0,4.424291116790347
11,38,13.408060073852539,6.307937145233154,9.0,6.686563968658447,1,1,0.0,0,evasive,1,territorial,0.0,4.424291116790347
11,39,13.408060073852539,7.307937145233154,9.0,7.686563968658447,2,4,0.0,0,evasive,1,territorial,0.0,4.424291116790347
11,40,13.408060073852539,6.307937145233154,10.0,7.686563968658447,1,2,0.0,0,evasive,1,territorial,0.0,3.6763413042392417
11,41,13.408060073852539,7.307937145233154,10.0,6.686563968658447,2,0,0.0,0,evasive,1,territorial,0.0,3.4642427876166986
11,42,13.408060073852539,6.307937145233154,10.0,6.686563968658447,1,3,0.0,0,evasive,1,territorial,0.0,3.4290278124280213
11,43,13.408060073852539,7.307937145233154,9.0,6.686563968658447,2,1,0.0,0,evasive,1,territorial,0.0,4.451639949418573
11,44,13.408060073852539,6.307937145233154,9.0,7.686563968658447,1,2,0.0,0,evasive,1,territorial,0.0,4.618615109852797
11,45,13.408060073852539,7.307937145233154,9.0,6.686563968658447,2,1,0.0,0,evasive,1,territorial,0.0,4.451639949418573
11,46,13.408060073852539,6.307937145233154,9.0,7.686563968658447,1,3,0.0,0,evasive,1,territorial,0.0,4.618615109852797
11,47,13.408060073852539,7.307937145233154,8.0,7.686563968658447,2,0,0.0,0,evasive,1,territorial,0.0,5.421298002675656
11,48,13.408060073852539,6.307937145233154,8.0,7.686563968658447,1,0,0.0,0,evasive,1,territorial,0.0,5.581014753668516
11,49,13.408060073852539,7.307937145233154,8.0,7.686563968658447,2,3,0.0,0,evasive,1,territorial,0.0,5.421298002675656
12,0,5.934449195861816,8.672805786132812,2.933319568634033,2.7626142501831055,2,2,0.0,0,evasive,0,evasive,0.0,6.6285098650477945
12,1,5.934449195861816,7.6728057861328125,2.933319568634033,1.762614130973816,2,3,0.0,0,evasive,0,evasive,0.0,6.628509971338612
12,2,5.934449195861816,6.6728057861328125,1.9333195686340332,1.762614130973816,2,2,0.0,0,evasive,0,evasive,0.0,6.33395771885738
12,3,5.934449195861816,5.6728057861328125,1.9333195686340332,0.7626141905784607,3,3,0.0,0,evasive,0,evasive,0.0,6.333957672650847
12,4,4.934449195861816,5.6728057861328125,0.9333195090293884,0.7626141905784607,2,2,0.0,0,evasive,0,evasive,0.0,6.333957710302805
12,5,4.934449195861816,4.6728057861328125,0.9333195090293884,0.0,3,2,0.0,0,evasive,0,evasive,0.0,6.151760129082412
12,6,3.9344491958618164,4.6728057861328125,0.9333195090293884,0.0,2,2,0.0,0,evasive,0,evasive,0.0,5.553547813074378
12,7,3.9344491958618164,3.6728057861328125,0.9333195090293884,0.0,3,2,0.0,0,evasive,0,evasive,0.0,4.743024535023783
12,8,2.9344491958618164,3.6728057861328125,0.9333195090293884,0.0,2,3,0.0,0,evasive,0,evasive,0.0,4.182585607751827
12,9,2.9344491958618164,2.6728057861328125,0.0,0.0,2,2,0.0,0,evasive,0,evasive,0.0,3.9692421006382443
12,10,2.9344491958618164,1.672805666923523,0.0,0.0,2,2,0.0,0,evasive,0,evasive,0.0,3.3777612234119676
12,11,2.9344491958618164,0.672805666923523,0.0,0.0,1,1,0.0,0,evasive,0,evasive,0.0,3.010591229067551
12,12,2.9344491958618164,1.672805666923523,0.0,1.0,1,2,0.0,0,evasive,0,evasive,0.0,3.010591229067551
12,13,2.9344491958618164,2.6728057861328125,0.0,0.0,1,2,0.0,0,evasive,0,evasive,0.0,3.9692421006382443
12,14,2.9344491958618164,3.6728057861328125,0.0,0.0,2,3,0.0,0,evasive,0,evasive,0.0,4.701116295705173
12,15,2.9344491958618164,2.6728057861328125,0.0,0.0,1,2,0.0,0,evasive,0,evasive,0.0,3.9692421006382443
12,16,2.9344491958618164,3.6728057861328125,0.0,0.0,2,2,0.0,0,evasive,0,evasive,0.0,4.701116295705173
12,17,2.9344491958618164,2.6728057861328125,0.0,0.0,1,3,0.0,0,evasive,0,evasive,0.0,3.9692421006382443
12,18,2.9344491958618164,3.6728057861328125,0.0,0.0,2,3,0.0,0,evasive,0,evasive,0.0,4.701116295705173
12,19,2.9344491958618164,2.6728057861328125,0.0,0.0,2,2,0.0,0,evasive,0,evasive,0.0,3.9692421006382443
12,20,2.9344491958618164,1.672805666923523,0.0,0.0,1,2,0.0,0,evasive,0,evasive,0.0,3.3777612234119676
12,21,2.9344491958618164,2.6728057861328125,0.0,0.0,1,4,0.0,0,evasive,1,territorial,0.0,3.9692421006382443
12,22,2.9344491958618164,3.6728057861328125,1.0,0.0,2,4,0.0,0,evasive,1,territorial,0.0,4.151095763051136
12,23,2.9344491958618164,2.6728057861328125,2.0,0.0,1,1,0.0,0,evasive,1,territorial,0.0,2.831445932740344
12,24,2.9344491958618164,3.6728057861328125,2.0,1.0,2,1,0.0,0,evasive,1,territorial,0.0,2.831445932740344
12,25,2.9344491958618164,2.6728057861328125,2.0,2.0,1,4,0.0,0,evasive,1,territorial,0.0,1.1514612131985111
12,26,2.9344491958618164,3.6728057861328125,3.0,2.0,2,1,1.0,0,evasive,1,territorial,0.0,1.6740896350084065
0,0,14.377045631408691,1.445162296295166,4.826056003570557,14.472382545471191,1,1,0.0,0,evasive,0,evasive,0.0,16.153323815599485
0,1,14.377045631408691,2.445162296295166,4.826056003570557,15.472382545471191,1,1,0.0,0,evasive,0,evasive,0.0,16.153323815599485
0,2,14.377045631408691,3.445162296295166,4.826056003570557,16.0,1,3,0.0,0,evasive,0,evasive,0.0,15.77483288778173
0,3,14.377045631408691,4.445162296295166,3.8260562419891357,16.0,1,1,0.0,0,evasive,0,evasive,0.0,15.64728894903532
0,4,14.377045631408691,5.445162296295166,3.8260562419891357,16.0,3,3,0.0,0,evasive,0,evasive,0.0,14.924073708180122
0,5,13.377045631408691,5.445162296295166,2.8260562419891357,16.0,1,2,0.0,0,evasive,0,evasive,0.0,14.924073708180122
0,6,13.377045631408691,6.445162296295166,2.8260562419891357,15.0,3,3,0.0,0,evasive,0,evasive,0.0,13.583395202686766
0,7,12.377045631408691,6.445162296295166,1.8260562419891357,15.0,1,1,0.0,0,evasive,0,evasive,0.0,13.583395202686766
0,8,12.377045631408691,7.445162296295166,1.8260562419891357,16.0,3,3,0.0,0,evasive,0,evasive,0.0,13.583395202686766
0,9,11.377045631408691,7.445162296295166,0.8260562419891357,16.0,1,1,0.0,0,evasive,0,evasive,0.0,13.583395202686766
0,10,11.377045631408691,8.445162773132324,0.8260562419891357,16.0,3,2,0.0,0,evasive,0,evasive,0.0,12.976861817100069
0,11,10.377045631408691,8.445162773132324,0.8260562419891357,15.0,1,4,0.0,0,evasive,0,evasive,0.0,11.583923747484496
0,12,10.377045631408691,9.445162773132324,1.8260562419891357,15.0,3,3,0.0,0,evasive,0,evasive,0.0,10.196844421435525
0,13,9.377045631408691,9.445162773132324,0.8260562419891357,15.0,1,3,0.0,0,evasive,0,evasive,0.0,10.196844421435525
0,14,9.377045631408691,10.445162773132324,0.0,15.0,3,1,0.0,0,evasive,0,evasive,0.0,10.424755485707108
0,15,8.377045631408691,10.445162773132324,0.0,16.0,1,4,0.0,0,evasive,0,evasive,0.0,10.05142328865412
0,16,8.377045631408691,11.445162773132324,1.0,16.0,3,0,0.0,0,evasive,0,evasive,0.0,8.66991028852927
0,17,7.377045631408691,11.445162773132324,1.0,16.0,1,0,0.0,0,evasive,0,evasive,0.0,7.836660841731527
0,18,7.377045631408691,12.445162773132324,1.0,16.0,3,3,0.0,0,evasive,0,evasive,0.0,7.300929988336619
0,19,6.377045631408691,12.445162773132324,0.0,16.0,1,2,0.0,0,evasive,1,territorial,0.0,7.300929988336619
0,20,6.377045631408691,13.445162773132324,0.0,15.0,3,2,0.0,0,evasive,1,territorial,0.0,6.563857843305432
0,21,5.377045631408691,13.445162773132324,0.0,14.0,1,4,0.0,0,evasive,1,territorial,0.0,5.405595625883378
0,22,5.377045631408691,14.445162773132324,1.0,14.0,3,4,0.0,0,evasive,1,territorial,0.0,4.399624796959029
0,23,4.377045631408691,14.445162773132324,2.0,14.0,4,2,0.0,0,evasive,1,territorial,0.0,2.4183704903058185
0,24,5.377045631408691,14.445162773132324,2.0,13.0,3,2,0.0,0,evasive,1,territorial,0.0,3.6732727420468025
0,25,4.377045631408691,14.445162773132324,2.0,12.0,4,4,0.0,0,evasive,1,territorial,0.0,3.410156436427998
0,26,5.377045631408691,14.445162773132324,3.0,12.0,3,4,0.0,0,evasive,1,territorial,0.0,3.410156436427998
0,27,4.377045631408691,14.445162773132324,4.0,12.0,4,4,0.0,0,evasive,1,territorial,0.0,2.474062326473716
0,28,5.377045631408691,14.445162773132324,5.0,12.0,3,2,0.0,0,evasive,1,territorial,0.0,2.474062326473716
0,29,4.377045631408691,14.445162773132324,5.0,11.0,4,0,0.0,0,evasive,1,territorial,0.0,3.5010310879402087
0,30,5.377045631408691,14.445162773132324,5.0,11.0,3,4,0.0,0,evasive,1,territorial,0.0,3.465733680123328
0,31,4.377045631408691,14.445162773132324,6.0,11.0,4,2,0.0,0,evasive,1,territorial,0.0,3.808297180618448
0,32,5.377045631408691,14.445162773132324,6.0,10.0,3,2,0.0,0,evasive,1,territorial,0.0,4.488601589023964
0,33,4.377045631408691,14.445162773132324,6.0,9.0,4,4,0.0,0,evasive,1,territorial,0.0,5.681881599297518
0,34,5.377045631408691,14.445162773132324,7.0,9.0,3,4,0.0,0,evasive,1,territorial,0.0,5.681881599297518
0,35,4.377045631408691,14.445162773132324,8.0,9.0,4,4,0.0,0,evasive,1,territorial,0.0,6.540305496137084
0,36,5.377045631408691,14.445162773132324,9.0,9.0,3,2,0.0,0,evasive,1,territorial,0.0,6.540305496137084
0,37,4.377045631408691,14.445162773132324,9.0,8.0,4,3,0.0,0,evasive,1,territorial,0.0,7.931697817381107
0,38,5.377045631408691,14.445162773132324,8.0,8.0,3,2,0.0,0,evasive,1,territorial,0.0,6.958449022007921
0,39,4.377045631408691,14.445162773132324,8.0,7.0,4,2,0.0,0,evasive,1,territorial,0.0,8.279869991450967
0,40,5.377045631408691,14.445162773132324,8.0,6.0,3,1,0.0,0,evasive,1,territorial,0.0,8.843113924654158
0,41,4.377045631408691,14.445162773132324,8.0,7.0,4,0,0.0,0,evasive,1,territorial,0.0,8.279869991450967
0,42,5.377045631408691,14.445162773132324,8.0,7.0,3,4,0.0,0,evasive,1,territorial,0.0,7.893689779700469
0,43,4.377045631408691,14.445162773132324,9.0,7.0,4,4,0.0,0,evasive,1,territorial,0.0,8.763683917880247
0,44,5.377045631408691,14.445162773132324,10.0,7.0,3,2,0.0,0,evasive,1,territorial,0.0,8.763683917880247
0,45,4.377045631408691,14.445162773132324,10.0,6.0,4,0,0.0,0,evasive,1,territorial,0.0,10.145855808947815
0,46,5.377045631408691,14.445162773132324,10.0,6.0,3,0,0.0,0,evasive,1,territorial,0.0,9.627693459950702
0,47,4.377045631408691,14.445162773132324,10.0,6.0,4,4,0.0,0,evasive,1,territorial,0.0,10.145855808947815
0,48,5.377045631408691,14.445162773132324,11.0,6.0,3,3,0.0,0,evasive,1,territorial,0.0,10.145855808947815
0,49,4.377045631408691,14.445162773132324,10.0,6.0,4,3,0.0,0,evasive,1,territorial,0.0,10.145855808947815
1,0,15.135551452636719,12.961223602294922,3.7967138290405273,14.925745010375977,3,3,0.0,0,evasive,0,evasive,0.0,11.50776185959239
1,1,14.135551452636719,12.961223602294922,2.7967138290405273,14.925745010375977,3,1,0.0,0,evasive,0,evasive,0.0,11.50776185959239
1,2,13.135551452636719,12.961223602294922,2.7967138290405273,15.925745010375977,3,3,0.0,0,evasive,0,evasive,0.0,10.755461430643457
1,3,12.135551452636719,12.961223602294922,1.7967138290405273,15.925745010375977,3,3,0.0,0,evasive,0,evasive,0.0,10.755461430643457
1,4,11.135551452636719,12.961223602294922,0.7967138886451721,15.925745010375977,3,2,0.0,0,evasive,0,evasive,0.0,10.75546137334766
1,5,10.135551452636719,12.961223602294922,0.7967138886451721,14.925745010375977,3,3,0.0,0,evasive,0,evasive,0.0,9.543229611060834
1,6,9.135551452636719,12.961223602294922,0.0,14.925745010375977,3,1,0.0,0,evasive,0,evasive,0.0,9.344391082707403
1,7,8.135551452636719,12.961223602294922,0.0,15.925745010375977,3,2,0.0,0,evasive,0,evasive,0.0,8.658844300336524
1,8,7.135551452636719,12.961223602294922,0.0,14.925745010375977,3,1,0.0,0,evasive,0,evasive,0.0,7.401043095134277
1,9,6.135551452636719,12.961223602294922,0.0,15.925745010375977,3,2,0.0,0,evasive,0,evasive,0.0,6.814204194689459
1,10,5.135551452636719,12.961223602294922,0.0,14.925745010375977,1,4,0.0,0,evasive,0,evasive,0.0,5.4984755237691
1,11,5.135551452636719,13.961223602294922,1.0,14.925745010375977,3,1,0.0,0,evasive,0,evasive,0.0,4.246538280064403
1,12,4.135551452636719,13.961223602294922,1.0,15.925745010375977,1,3,0.0,0,evasive,0,evasive,0.0,3.700138818333848
1,13,4.135551452636719,14.961223602294922,0.0,15.925745010375977,3,0,0.0,0,evasive,0,evasive,0.0,4.246538280064403
1,14,3.1355512142181396,14.961223602294922,0.0,15.925745010375977,4,1,0.0,0,evasive,0,evasive,0.0,3.280546138012924
1,15,4.135551452636719,14.961223602294922,0.0,16.0,3,4,0.0,0,evasive,0,evasive,0.0,4.2640171460530985
1,16,3.1355512142181396,14.961223602294922,1.0,16.0,4,0,0.0,0,evasive,0,evasive,0.0,2.3747916525408517
1,17,4.135551452636719,14.961223602294922,1.0,16.0,3,2,0.0,0,evasive,0,evasive,0.0,3.3031408260262496
1,18,3.1355512142181396,14.961223602294922,1.0,15.0,4,2,0.0,0,evasive,0,evasive,0.0,2.1359032275755268
1,19,4.135551452636719,14.961223602294922,1.0,14.0,3,3,0.0,0,evasive,0,evasive,0.0,3.2795782847404427
1,20,3.1355512142181396,14.961223602294922,0.0,14.0,4,3,0.0,0,evasive,0,evasive,0.0,3.279578056792318
1,21,4.135551452636719,14.961223602294922,0.0,14.0,3,3,0.0,0,evasive,0,evasive,0.0,4.245790460092738
1,22,3.1355512142181396,14.961223602294922,0.0,14.0,4,2,0.0,0,evasive,0,evasive,0.0,3.279578056792318
1,23,4.135551452636719,14.961223602294922,0.0,13.0,3,0,0.0,0,evasive,0,evasive,0.0,4.577027838631129
1,24,3.1355512142181396,14.961223602294922,0.0,13.0,4,1,0.0,0,evasive,0,evasive,0.0,3.698388762039967
1,25,4.135551452636719,14.961223602294922,0.0,14.0,3,2,0.0,0,evasive,0,evasive,0.0,4.245790460092738
1,26,3.1355512142181396,14.961223602294922,0.0,13.0,4,0,0.0,0,evasive,0,evasive,0.0,3.698388762039967
1,27,4.135551452636719,14.961223602294922,0.0,13.0,3,3,0.0,0,evasive,0,evasive,0.0,4.577027838631129
1,28,3.1355512142181396,14.961223602294922,0.0,13.0,4,4,0.0,0,evasive,0,evasive,0.0,3.698388762039967
1,29,4.135551452636719,14.961223602294922,1.0,13.0,3,3,0.0,0,evasive,0,evasive,0.0,3.6983889641749292
1,30,3.1355512142181396,14.961223602294922,0.0,13.0,4,2,0.0,0,evasive,0,evasive,0.0,3.698388762039967
1,31,4.135551452636719,14.961223602294922,0.0,12.0,3,3,0.0,0,evasive,1,territorial,0.0,5.086416325881532
1,32,3.1355512142181396,14.961223602294922,0.0,12.0,4,2,0.0,0,evasive,1,territorial,0.0,4.312832785974129
1,33,4.135551452636719,14.961223602294922,0.0,11.0,3,4,0.0,0,evasive,1,territorial,0.0,5.726611410317975
1,34,3.1355512142181396,14.961223602294922,1.0,11.0,4,4,0.0,0,evasive,1,territorial,0.0,4.500207930299102
1,35,4.135551452636719,14.961223602294922,2.0,11.0,3,3,0.0,0,evasive,1,territorial,0.0,4.500208043439454
1,36,3.1355512142181396,14.961223602294922,1.0,11.0,4,2,0.0,0,evasive,1,territorial,0.0,4.500207930299102
1,37,4.135551452636719,14.961223602294922,1.0,10.0,3,0,0.0,0,evasive,1,territorial,0.0,5.869022281785991
1,38,3.1355512142181396,14.961223602294922,1.0,10.0,4,2,0.0,0,evasive,1,territorial,0.0,5.401325635482161
1,39,4.135551452636719,14.961223602294922,1.0,9.0,3,4,0.0,0,evasive,1,territorial,0.0,6.735567514967857
1,40,3.1355512142181396,14.961223602294922,2.0,9.0,4,4,0.0,0,evasive,1,territorial,0.0,6.068415229421133
1,41,4.135551452636719,14.961223602294922,3.0,9.0,3,4,0.0,0,evasive,1,territorial,0.0,6.068415274035175
1,42,3.1355512142181396,14.961223602294922,4.0,9.0,4,2,0.0,0,evasive,1,territorial,0.0,6.023575229031159
1,43,4.135551452636719,14.961223602294922,4.0,8.0,3,2,0.0,0,evasive,1,territorial,0.0,6.962543230563083
1,44,3.1355512142181396,14.961223602294922,4.0,7.0,4,1,0.0,0,evasive,1,territorial,0.0,8.0080180412495
1,45,4.135551452636719,14.961223602294922,4.0,8.0,3,1,0.0,0,evasive,1,territorial,0.0,6.962543230563083
1,46,3.1355512142181396,14.961223602294922,4.0,9.0,4,3,0.0,0,evasive,1,territorial,0.0,6.023575229031159
1,47,4.135551452636719,14.961223602294922,3.0,9.0,3,4,0.0,0,evasive,1,territorial,0.0,6.068415274035175
1,48,3.1355512142181396,14.961223602294922,4.0,9.0,4,0,0.0,0,evasive,1,territorial,0.0,6.023575229031159
1,49,4.135551452636719,14.961223602294922,4.0,9.0,3,4,0.0,0,evasive,1,territorial,0.0,5.962764546153903
2,0,11.062816619873047,12.170549392700195,4.944457054138184,6.261062145233154,3,3,0.0,0,evasive,0,evasive,0.0,8.50625436391335
2,1,10.062816619873047,12.170549392700195,3.9444572925567627,6.261062145233154,2,1,0.0,0,evasive,0,evasive,0.0,8.50625419242417
2,2,10.062816619873047,11.170549392700195,3.9444572925567627,7.261062145233154,3,4,0.0,0,evasive,0,evasive,0.0,7.26074454834114
2,3,9.062816619873047,11.170549392700195,4.944457054138184,7.261062145233154,2,3,0.0,0,evasive,0,evasive,0.0,5.678465994508312
2,4,9.062816619873047,10.170549392700195,3.9444572925567627,7.261062145233154,3,3,0.0,0,evasive,0,evasive,0.0,5.887505265110082
2,5,8.062816619873047,10.170549392700195,2.9444572925567627,7.261062145233154,2,3,0.0,0,evasive,0,evasive,0.0,5.887505265110082
2,6,8.062816619873047,9.170549392700195,1.9444571733474731,7.261062145233154,3,3,0.0,0,evasive,0,evasive,0.0,6.409404329977005
2,7,7.062816143035889,9.170549392700195,0.9444572329521179,7.261062145233154,2,2,0.0,0,evasive,0,evasive,0.0,6.40940381789451
2,8,7.062816143035889,8.170549392700195,0.9444572329521179,6.261062145233154,3,3,0.0,0,evasive,0,evasive,0.0,6.40940381789451
2,9,6.062816143035889,8.170549392700195,0.0,6.261062145233154,2,3,0.0,0,evasive,0,evasive,0.0,6.356404733219544
2,10,6.062816143035889,7.1705498695373535,0.0,6.261062145233154,3,1,0.0,0,evasive,0,evasive,0.0,6.130653105902877
2,11,5.062816143035889,7.1705498695373535,0.0,7.261062145233154,2,3,0.0,0,evasive,0,evasive,0.0,5.063625160913515
2,12,5.062816143035889,6.1705498695373535,0.0,7.261062145233154,3,3,0.0,0,evasive,0,evasive,0.0,5.178930808731473
2,13,4.062816143035889,6.1705498695373535,0.0,7.261062145233154,4,2,0.0,0,evasive,0,evasive,0.0,4.206624779506279
2,14,5.062816143035889,6.1705498695373535,0.0,6.261062145233154,3,3,0.0,0,evasive,0,evasive,0.0,5.063625160913515
2,15,4.062816143035889,6.1705498695373535,0.0,6.261062145233154,4,3,0.0,0,evasive,0,evasive,0.0,4.063824243759153
2,16,5.062816143035889,6.1705498695373535,0.0,6.261062145233154,3,3,0.0,0,evasive,0,evasive,0.0,5.063625160913515
2,17,4.062816143035889,6.1705498695373535,0.0,6.261062145233154,4,3,0.0,0,evasive,0,evasive,0.0,4.063824243759153
2,18,5.062816143035889,6.1705498695373535,0.0,6.261062145233154,3,3,0.0,0,evasive,0,evasive,0.0,5.063625160913515
2,19,4.062816143035889,6.1705498695373535,0.0,6.261062145233154,4,3,0.0,0,evasive,0,evasive,0.0,4.063824243759153
2,20,5.062816143035889,6.1705498695373535,0.0,6.261062145233154,3,3,0.0,0,evasive,0,evasive,0.0,5.063625160913515
2,21,4.062816143035889,6.1705498695373535,0.0,6.261062145233154,4,1,0.0,0,evasive,0,evasive,0.0,4.063824243759153
2,22,5.062816143035889,6.1705498695373535,0.0,7.261062145233154,3,3,0.0,0,evasive,0,evasive,0.0,5.178930808731473
2,23,4.062816143035889,6.1705498695373535,0.0,7.261062145233154,4,4,0.0,0,evasive,0,evasive,0.0,4.206624779506279
2,24,5.062816143035889,6.1705498695373535,1.0,7.261062145233154,3,3,0.0,0,evasive,0,evasive,0.0,4.206624779506279
2,25,4.062816143035889,6.1705498695373535,0.0,7.261062145233154,4,1,0.0,0,evasive,0,evasive,0.0,4.206624779506279
2,26,5.062816143035889,6.1705498695373535,0.0,8.261062622070312,3,2,0.0,0,evasive,0,evasive,0.0,5.477440174633377
2,27,4.062816143035889,6.1705498695373535,0.0,7.261062145233154,4,4,0.0,0,evasive,0,evasive,0.0,4.206624779506279
2,28,5.062816143035889,6.1705498695373535,1.0,7.261062145233154,3,1,0.0,0,evasive,0,evasive,0.0,4.206624779506279
2,29,4.062816143035889,6.1705498695373535,1.0,8.261062622070312,4,2,0.0,0,evasive,0,evasive,0.0,3.708245716581382
2,30,5.062816143035889,6.1705498695373535,1.0,7.261062145233154,3,1,0.0,0,evasive,0,evasive,0.0,4.206624779506279
2,31,4.062816143035889,6.1705498695373535,1.0,8.261062622070312,4,3,0.0,0,evasive,0,evasive,0.0,3.708245716581382
2,32,5.062816143035889,6.1705498695373535,0.0,8.261062622070312,3,4,0.0,0,evasive,1,territorial,0.0,5.477440174633377
2,33,4.062816143035889,6.1705498695373535,1.0,8.261062622070312,4,4,0.0,0,evasive,1,territorial,0.0,3.708245716581382
2,34,5.062816143035889,6.1705498695373535,2.0,8.261062622070312,3,4,0.0,0,evasive,1,territorial,0.0,3.708245716581382
2,35,4.062816143035889,6.1705498695373535,3.0,8.261062622070312,4,2,0.0,0,evasive,1,territorial,0.0,2.345169870691804
2,36,5.062816143035889,6.1705498695373535,3.0,7.261062145233154,3,4,0.0,0,evasive,1,territorial,0.0,2.3333296945379782
2,37,4.062816143035889,6.1705498695373535,4.0,7.261062145233154,4,2,0.0,0,evasive,1,territorial,0.0,1.0923199582856387
2,38,5.062816143035889,6.1705498695373535,4.0,6.261062145233154,3,4,1.0,0,evasive,1,territorial,0.0,1.0666633142418067
3,0,5.030602931976318,12.887984275817871,1.580015778541565,3.8212571144104004,2,0,0.0,0,evasive,0,evasive,0.0,9.70113875392229
3,1,5.030602931976318,11.887984275817871,1.580015778541565,3.8212571144104004,2,2,0.0,0,evasive,0,evasive,0.0,8.773747135633554
3,2,5.030602931976318,10.887984275817871,1.580015778541565,2.8212571144104004,2,3,0.0,0,evasive,0,evasive,0.0,8.773747135633554
3,3,5.030602931976318,9.887984275817871,0.5800158381462097,2.8212571144104004,2,1,0.0,0,evasive,0,evasive,0.0,8.351428515741556
3,4,5.030602931976318,8.887984275817871,0.5800158381462097,3.8212571144104004,2,2,0.0,0,evasive,0,evasive,0.0,6.743845313166023
3,5,5.030602931976318,7.887984275817871,0.5800158381462097,2.8212571144104004,2,3,0.0,0,evasive,0,evasive,0.0,6.743845313166023
3,6,5.030602931976318,6.887984275817871,0.0,2.8212571144104004,3,3,0.0,0,evasive,0,evasive,0.0,6.468789350762474
3,7,4.030602931976318,6.887984275817871,0.0,2.8212571144104004,2,2,0.0,0,evasive,0,evasive,0.0,5.725733996666746
3,8,4.030602931976318,5.887984275817871,0.0,1.82125723361969,3,2,0.0,0,evasive,0,evasive,0.0,5.725733911997837
3,9,3.0306031703948975,5.887984275817871,0.0,0.8212572336196899,2,3,0.0,0,evasive,0,evasive,0.0,5.903920603848762
3,10,3.0306031703948975,4.887984275817871,0.0,0.8212572336196899,3,3,0.0,0,evasive,0,evasive,0.0,5.071767385453868
3,11,2.0306031703948975,4.887984275817871,0.0,0.8212572336196899,2,2,0.0,0,evasive,0,evasive,0.0,4.545505260294369
3,12,2.0306031703948975,3.88798451423645,0.0,0.0,3,2,0.0,0,evasive,0,evasive,0.0,4.386316543360756
3,13,1.030603051185608,3.88798451423645,0.0,0.0,4,2,0.0,0,evasive,0,evasive,0.0,4.022258846973369
3,14,2.0306031703948975,3.88798451423645,0.0,0.0,3,2,0.0,0,evasive,0,evasive,0.0,4.386316543360756
3,15,1.030603051185608,3.88798451423645,0.0,0.0,4,2,0.0,0,evasive,0,evasive,0.0,4.022258846973369
3,16,2.0306031703948975,3.88798451423645,0.0,0.0,2,2,0.0,0,evasive,0,evasive,0.0,4.386316543360756
3,17,2.0306031703948975,2.88798451423645,0.0,0.0,1,3,0.0,0,evasive,0,evasive,0.0,3.530411277753253
3,18,2.0306031703948975,3.88798451423645,0.0,0.0,3,3,0.0,0,evasive,0,evasive,0.0,4.386316543360756
3,19,1.030603051185608,3.88798451423645,0.0,0.0,4,2,0.0,0,evasive,0,evasive,0.0,4.022258846973369
3,20,2.0306031703948975,3.88798451423645,0.0,0.0,3,2,0.0,0,evasive,0,evasive,0.0,4.386316543360756
3,21,1.030603051185608,3.88798451423645,0.0,0.0,4,2,0.0,0,evasive,0,evasive,0.0,4.022258846973369
3,22,2.0306031703948975,3.88798451423645,0.0,0.0,3,2,0.0,0,evasive,0,evasive,0.0,4.386316543360756
3,23,1.030603051185608,3.88798451423645,0.0,0.0,4,4,0.0,0,evasive,1,territorial,0.0,4.022258846973369
3,24,2.0306031703948975,3.88798451423645,1.0,0.0,3,4,0.0,0,evasive,1,territorial,0.0,4.022258877517763
3,25,1.030603051185608,3.88798451423645,2.0,0.0,4,1,0.0,0,evasive,1,territorial,0.0,4.007013105458117
3,26,2.0306031703948975,3.88798451423645,2.0,1.0,3,1,0.0,0,evasive,1,territorial,0.0,2.8881466563365104
3,27,1.030603051185608,3.88798451423645,2.0,2.0,4,1,1.0,0,evasive,1,territorial,0.0,2.1223138246657345
4,0,9.029147148132324,14.927940368652344,13.445760726928711,5.794120788574219,2,2,0.0,0,evasive,0,evasive,0.0,10.145596859023483
4,1,9.029147148132324,13.927940368652344,13.445760726928711,4.794120788574219,2,2,0.0,0,evasive,0,evasive,0.0,10.145596859023483
4,2,9.029147148132324,12.927940368652344,13.445760726928711,3.7941207885742188,2,4,0.0,0,evasive,0,evasive,0.0,10.145596859023483
4,3,9.029147148132324,11.927940368652344,14.445760726928711,3.7941207885742188,2,0,0.0,0,evasive,0,evasive,0.0,9.772344837512831
4,4,9.029147148132324,10.927940368652344,14.445760726928711,3.7941207885742188,2,4,0.0,0,evasive,0,evasive,0.0,8.957180609048107
4,5,9.029147148132324,9.927940368652344,15.445760726928711,3.7941207885742188,4,2,0.0,0,evasive,0,evasive,0.0,8.876748980372485
4,6,10.029147148132324,9.927940368652344,15.445760726928711,2.7941207885742188,2,2,0.0,0,evasive,0,evasive,0.0,8.957180609048107
4,7,10.029147148132324,8.927940368652344,15.445760726928711,1.7941207885742188,4,1,0.0,0,evasive,0,evasive,0.0,8.957180609048107
4,8,11.029147148132324,8.927940368652344,15.445760726928711,2.7941207885742188,2,4,0.0,0,evasive,0,evasive,0.0,7.55845342284772
4,9,11.029147148132324,7.9279398918151855,16.0,2.7941207885742188,4,4,0.0,0,evasive,0,evasive,0.0,7.146011241225618
4,10,12.029147148132324,7.9279398918151855,16.0,2.7941207885742188,2,4,0.0,0,evasive,0,evasive,0.0,6.4902828101699495
4,11,12.029147148132324,6.9279398918151855,16.0,2.7941207885742188,4,0,0.0,0,evasive,0,evasive,0.0,5.732026932028984
4,12,13.029147148132324,6.9279398918151855,16.0,2.7941207885742188,2,0,0.0,0,evasive,0,evasive,0.0,5.090621479325511
4,13,13.029147148132324,5.9279398918151855,16.0,2.7941207885742188,4,2,0.0,0,evasive,0,evasive,0.0,4.318192774678814
4,14,14.029147148132324,5.9279398918151855,16.0,1.7941207885742188,3,4,0.0,0,evasive,0,evasive,0.0,4.57959838217664
4,15,13.029147148132324,5.9279398918151855,16.0,1.7941207885742188,4,2,0.0,0,evasive,0,evasive,0.0,5.090621479325511
4,16,14.029147148132324,5.9279398918151855,16.0,0.794120728969574,3,0,0.0,0,evasive,0,evasive,0.0,5.499123581127793
4,17,13.029147148132324,5.9279398918151855,16.0,0.794120728969574,4,0,0.0,0,evasive,0,evasive,0.0,5.931447198133952
4,18,14.029147148132324,5.9279398918151855,16.0,0.794120728969574,3,1,0.0,0,evasive,0,evasive,0.0,5.499123581127793
4,19,13.029147148132324,5.9279398918151855,16.0,1.7941207885742188,4,2,0.0,0,evasive,0,evasive,0.0,5.090621479325511
4,20,14.029147148132324,5.9279398918151855,16.0,0.794120728969574,3,2,0.0,0,evasive,0,evasive,0.0,5.499123581127793
4,21,13.029147148132324,5.9279398918151855,16.0,0.0,4,3,0.0,0,evasive,0,evasive,0.0,6.6307192693119
4,22,14.029147148132324,5.9279398918151855,15.0,0.0,3,4,0.0,0,evasive,0,evasive,0.0,6.006914900425461
4,23,13.029147148132324,5.9279398918151855,16.0,0.0,4,2,0.0,0,evasive,1,territorial,0.0,6.6307192693119
4,24,14.029147148132324,5.9279398918151855,16.0,0.0,3,3,0.0,0,evasive,1,territorial,0.0,6.246977855306419
4,25,13.029147148132324,5.9279398918151855,15.0,0.0,4,1,0.0,0,evasive,1,territorial,0.0,6.246977855306419
4,26,14.029147148132324,5.9279398918151855,15.0,1.0,3,1,0.0,0,evasive,1,territorial,0.0,5.022663321119888
4,27,13.029147148132324,5.9279398918151855,15.0,2.0,4,1,0.0,0,evasive,1,territorial,0.0,4.39465274594342
4,28,14.029147148132324,5.9279398918151855,15.0,3.0,3,3,0.0,0,evasive,1,territorial,0.0,3.084702136359736
4,29,13.029147148132324,5.9279398918151855,14.0,3.0,4,3,0.0,0,evasive,1,territorial,0.0,3.084702136359736
4,30,14.029147148132324,5.9279398918151855,13.0,3.0,3,0,0.0,0,evasive,1,territorial,0.0,3.103542469919111
4,31,13.029147148132324,5.9279398918151855,13.0,3.0,4,0,0.0,0,evasive,1,territorial,0.0,2.9280849656946377
4,32,14.029147148132324,5.9279398918151855,13.0,3.0,3,3,0.0,0,evasive,1,territorial,0.0,3.103542469919111
4,33,13.029147148132324,5.9279398918151855,12.0,3.0,4,3,0.0,0,evasive,1,territorial,0.0,3.103542469919111
4,34,14.029147148132324,5.9279398918151855,11.0,3.0,3,1,0.0,0,evasive,1,territorial,0.0,4.212904515310181
4,35,13.029147148132324,5.9279398918151855,11.0,4.0,4,3,0.0,0,evasive,1,territorial,0.0,2.7989981020404238
4,36,14.029147148132324,5.9279398918151855,10.0,4.0,3,1,0.0,0,evasive,1,territorial,0.0,4.466651874475466
4,37,13.029147148132324,5.9279398918151855,10.0,5.0,4,4,0.0,0,evasive,1,territorial,0.0,3.1680916792069276
4,38,14.029147148132324,5.9279398918151855,11.0,5.0,2,0,0.0,0,evasive,1,territorial,0.0,3.1680916792069276
4,39,14.029147148132324,4.9279398918151855,11.0,5.0,1,3,0.0,0,evasive,1,territorial,0.0,3.0300041426093465
4,40,14.029147148132324,5.9279398918151855,10.0,5.0,3,3,0.0,0,evasive,1,territorial,0.0,4.134622012243057
4,41,13.029147148132324,5.9279398918151855,9.0,5.0,4,0,0.0,0,evasive,1,territorial,0.0,4.134622012243057
4,42,14.029147148132324,5.9279398918151855,9.0,5.0,3,2,0.0,0,evasive,1,territorial,0.0,5.114038861838016
4,43,13.029147148132324,5.9279398918151855,9.0,4.0,4,1,0.0,0,evasive,1,territorial,0.0,4.466651874475466
4,44,14.029147148132324,5.9279398918151855,9.0,5.0,3,1,0.0,0,evasive,1,territorial,0.0,5.114038861838016
4,45,13.029147148132324,5.9279398918151855,9.0,6.0,2,1,0.0,0,evasive,1,territorial,0.0,4.029791483500659
4,46,13.029147148132324,4.9279398918151855,9.0,7.0,1,1,0.0,0,evasive,1,territorial,0.0,4.530723985549518
4,47,13.029147148132324,5.9279398918151855,9.0,8.0,4,2,0.0,0,evasive,1,territorial,0.0,4.530723985549518
4,48,14.029147148132324,5.9279398918151855,9.0,7.0,3,1,0.0,0,evasive,1,territorial,0.0,5.142142930056371
4,49,13.029147148132324,5.9279398918151855,9.0,8.0,4,4,0.0,0,evasive,1,territorial,0.0,4.530723985549518
